# 3D mesh decoded from .binobj (source of truth; baked back to .binobj at build time).
# UVs are stored raw here; the V coordinate is flipped (1-v) at load time.
v 0.105411 16.727398 1.119999
v 0.345262 16.714773 1.119999
v 0.581322 16.674568 1.119999
v 0.807074 16.603283 1.119999
v 1.015998 16.497417 1.119999
v 1.201576 16.353476 1.119999
v 1.328262 16.207787 1.119999
v 1.430357 16.034697 1.119999
v 1.505814 15.833591 1.119999
v 1.552588 15.603852 1.119999
v 1.568634 15.344867 1.119999
v 1.568634 15.160585 1.119999
v 1.568634 14.721146 1.119999
v 1.568634 14.196654 1.119999
v 1.568634 13.757214 1.119999
v 1.568634 13.572932 1.119999
v 3.159072 13.323359 1.119999
v 4.654198 12.931628 1.119999
v 6.020818 12.399316 1.119999
v 7.225742 11.727994 1.119999
v 8.235778 10.91924 1.119999
v 8.801882 10.318954 1.119999
v 9.251993 9.70048 1.119999
v 9.580477 9.071104 1.119999
v 9.781699 8.438111 1.119999
v 9.850025 7.808785 1.119999
v 9.825699 7.492539 1.119999
v 9.755146 7.197929 1.119999
v 9.642004 6.927558 1.12
v 9.489911 6.684031 1.12
v 9.302505 6.469947 1.12
v 9.072535 6.279941 1.12
v 8.81319 6.127858 1.12
v 8.529017 6.016168 1.12
v 8.224568 5.947341 1.12
v 7.90439 5.923851 1.12
v 7.331212 5.967996 1.12
v 6.79715 6.102523 1.12
v 6.282317 6.330567 1.12
v 5.766823 6.655263 1.12
v 5.23078 7.079747 1.12
v 4.183959 7.977796 1.119999
v 3.160725 8.644873 1.119999
v 2.120223 9.09902 1.119999
v 1.0216 9.358278 1.119999
v -0.175996 9.440689 1.119999
v -0.90067 9.399116 1.119999
v -1.567198 9.279025 1.119999
v -2.172044 9.087362 1.119999
v -2.711668 8.83107 1.119999
v -3.182533 8.517094 1.119999
v -3.617066 8.11412 1.119999
v -3.962493 7.657454 1.119999
v -4.214531 7.154599 1.119999
v -4.368895 6.613054 1.12
v -4.421302 6.040318 1.12
v -4.380493 5.535478 1.12
v -4.256914 5.067801 1.12
v -4.048836 4.636807 1.12
v -3.754532 4.242013 1.12
v -3.372273 3.882936 1.12
v -2.945134 3.587804 1.12
v -2.437145 3.322252 1.12
v -1.846573 3.086751 1.12
v -1.171685 2.881772 1.12
v -0.410749 2.707788 1.12
v -0.015227 2.626192 1.12
v 0.92794 2.431617 1.12
v 2.053656 2.199382 1.12
v 2.996824 2.004807 1.12
v 3.392345 1.923211 1.12
v 4.785043 1.594967 1.12
v 6.030434 1.179296 1.12
v 7.128317 0.674638 1.12
v 8.078489 0.079432 1.12
v 8.880751 -0.607885 1.12
v 9.522655 -1.373184 1.119999
v 10.019618 -2.228388 1.119999
v 10.372956 -3.173567 1.119999
v 10.58399 -4.208795 1.119999
v 10.654041 -5.334141 1.119999
v 10.555554 -6.651227 1.12
v 10.265212 -7.878476 1.12
v 9.790688 -9.009134 1.12
v 9.139661 -10.036448 1.12
v 8.319806 -10.953659 1.12
v 7.275901 -11.79857 1.12
v 6.063047 -12.505119 1.12
v 4.690997 -13.066594 1.12
v 3.169507 -13.476277 1.12
v 1.508332 -13.727453 1.12
v 1.508332 -13.893282 1.12
v 1.508332 -14.28872 1.12
v 1.508332 -14.760693 1.12
v 1.508332 -15.15613 1.12
v 1.508332 -15.321959 1.12
v 1.492286 -15.580947 1.12
v 1.445512 -15.810686 1.12
v 1.370055 -16.011793 1.12
v 1.26796 -16.184881 1.12
v 1.141274 -16.330568 1.12
v 0.955696 -16.474512 1.12
v 0.746772 -16.580378 1.12
v 0.521021 -16.651663 1.12
v 0.28496 -16.691868 1.12
v 0.045109 -16.70449 1.12
v -0.196757 -16.691713 1.12
v -0.435656 -16.65106 1.12
v -0.664767 -16.579042 1.12
v -0.877272 -16.472172 1.12
v -1.066349 -16.326963 1.12
v -1.194336 -16.181631 1.12
v -1.297724 -16.009092 1.12
v -1.374304 -15.808721 1.12
v -1.42187 -15.579885 1.12
v -1.438216 -15.321959 1.12
v -1.438216 -15.159239 1.12
v -1.438216 -14.771213 1.12
v -1.438216 -14.308085 1.12
v -1.438216 -13.920058 1.12
v -1.438216 -13.757337 1.12
v -3.250135 -13.546452 1.12
v -4.944893 -13.170016 1.12
v -6.487353 -12.630532 1.12
v -7.842375 -11.930503 1.12
v -8.97482 -11.072429 1.12
v -9.544165 -10.492171 1.12
v -10.002921 -9.885786 1.12
v -10.341934 -9.256953 1.12
v -10.552052 -8.609347 1.12
v -10.624126 -7.946649 1.12
v -10.598447 -7.578302 1.12
v -10.523519 -7.242436 1.12
v -10.402509 -6.940349 1.12
v -10.238583 -6.673338 1.12
v -10.034907 -6.4427 1.12
v -9.772305 -6.234026 1.12
v -9.473899 -6.071183 1.12
v -9.145021 -5.954483 1.12
v -8.791005 -5.884235 1.12
v -8.417185 -5.860751 1.12
v -7.94381 -5.896707 1.12
v -7.481506 -6.015018 1.12
v -7.004118 -6.231352 1.12
v -6.48549 -6.561374 1.12
v -5.899469 -7.020751 1.12
v -4.76033 -7.936075 1.12
v -3.581936 -8.651574 1.12
v -2.370611 -9.165192 1.12
v -1.132687 -9.47487 1.12
v 0.125511 -9.578552 1.12
v 0.977402 -9.538655 1.12
v 1.746072 -9.422282 1.12
v 2.430713 -9.234406 1.12
v 3.030513 -8.980002 1.12
v 3.544661 -8.664045 1.12
v 4.010464 -8.253533 1.12
v 4.376203 -7.779521 1.12
v 4.639897 -7.246101 1.12
v 4.799566 -6.657367 1.12
v 4.85323 -6.017411 1.12
v 4.812604 -5.512698 1.119999
v 4.687707 -5.048853 1.119999
v 4.474007 -4.623459 1.119999
v 4.166973 -4.2341 1.119999
v 3.762073 -3.878361 1.119999
v 3.309574 -3.586842 1.119999
v 2.7638 -3.31912 1.119999
v 2.120578 -3.073876 1.119999
v 1.375731 -2.84979 1.119999
v 0.525087 -2.645542 1.119999
v 0.131674 -2.559765 1.119999
v -0.806464 -2.355219 1.119999
v -1.926178 -2.111084 1.119999
v -2.864317 -1.906539 1.119999
v -3.25773 -1.820762 1.119999
v -4.592686 -1.485586 1.119999
v -5.78953 -1.059787 1.12
v -6.847403 -0.543057 1.12
v -7.765445 0.064913 1.12
v -8.542796 0.76443 1.12
v -9.170545 1.545157 1.12
v -9.657824 2.413898 1.12
v -10.005192 3.369625 1.12
v -10.213204 4.411306 1.12
v -10.282418 5.537912 1.12
v -10.184547 6.822237 1.12
v -9.896689 8.020057 1.119999
v -9.427481 9.123469 1.119999
v -8.785552 10.124578 1.119999
v -7.979537 11.015483 1.119999
v -6.956759 11.830879 1.119999
v -5.772391 12.505197 1.119999
v -4.437239 13.030358 1.119999
v -2.962111 13.398285 1.119999
v -1.357814 13.600898 1.119999
v -1.357814 13.78227 1.119999
v -1.357814 14.214776 1.119999
v -1.357814 14.73099 1.119999
v -1.357814 15.163495 1.119999
v -1.357814 15.344867 1.119999
v -1.341991 15.606601 1.119999
v -1.295795 15.838081 1.119999
v -1.221133 16.040058 1.119999
v -1.119914 16.213285 1.119999
v -0.994046 16.358515 1.119999
v -0.808125 16.502043 1.119999
v -0.598594 16.60667 1.119999
v -0.372078 16.676424 1.119999
v -0.135201 16.715324 1.119999
v 0.105411 16.727398 0.48
v 0.345262 16.714773 0.48
v 0.581322 16.674568 0.48
v 0.807074 16.603283 0.48
v 1.015998 16.497417 0.48
v 1.201576 16.353476 0.48
v 1.328262 16.207787 0.48
v 1.430357 16.034697 0.48
v 1.505814 15.833591 0.48
v 1.552588 15.603852 0.48
v 1.568634 15.344867 0.48
v 1.568634 15.160585 0.48
v 1.568634 14.721146 0.48
v 1.568634 14.196654 0.48
v 1.568634 13.757214 0.48
v 1.568634 13.572932 0.48
v 3.159072 13.323359 0.48
v 4.654198 12.931628 0.48
v 6.020818 12.399316 0.48
v 7.225742 11.727994 0.48
v 8.235778 10.91924 0.48
v 8.801882 10.318954 0.48
v 9.251993 9.70048 0.48
v 9.580477 9.071104 0.479999
v 9.781699 8.438111 0.479999
v 9.850025 7.808785 0.479999
v 9.825699 7.492539 0.479999
v 9.755146 7.197929 0.479999
v 9.642004 6.927558 0.479999
v 9.489911 6.684031 0.479999
v 9.302505 6.469947 0.48
v 9.072535 6.279941 0.48
v 8.81319 6.127858 0.48
v 8.529017 6.016168 0.48
v 8.224568 5.947341 0.48
v 7.90439 5.923851 0.48
v 7.331212 5.967996 0.48
v 6.79715 6.102523 0.48
v 6.282317 6.330567 0.48
v 5.766823 6.655263 0.479999
v 5.23078 7.079747 0.479999
v 4.183959 7.977796 0.479999
v 3.160725 8.644873 0.479999
v 2.120223 9.09902 0.479999
v 1.0216 9.358278 0.48
v -0.175996 9.440689 0.48
v -0.90067 9.399116 0.48
v -1.567198 9.279025 0.48
v -2.172044 9.087362 0.479999
v -2.711668 8.83107 0.479999
v -3.182533 8.517094 0.479999
v -3.617066 8.11412 0.479999
v -3.962493 7.657454 0.479999
v -4.214531 7.154599 0.479999
v -4.368895 6.613054 0.479999
v -4.421302 6.040318 0.48
v -4.380493 5.535478 0.48
v -4.256914 5.067801 0.48
v -4.048836 4.636807 0.48
v -3.754532 4.242013 0.48
v -3.372273 3.882936 0.48
v -2.945134 3.587804 0.48
v -2.437145 3.322252 0.48
v -1.846573 3.086751 0.48
v -1.171685 2.881772 0.48
v -0.410749 2.707788 0.48
v -0.015227 2.626192 0.48
v 0.92794 2.431617 0.48
v 2.053656 2.199382 0.48
v 2.996824 2.004807 0.48
v 3.392345 1.923211 0.48
v 4.785043 1.594967 0.48
v 6.030434 1.179296 0.48
v 7.128317 0.674638 0.48
v 8.078489 0.079432 0.48
v 8.880751 -0.607885 0.48
v 9.522655 -1.373184 0.48
v 10.019618 -2.228388 0.48
v 10.372956 -3.173567 0.48
v 10.58399 -4.208795 0.48
v 10.654041 -5.334141 0.48
v 10.555554 -6.651227 0.48
v 10.265212 -7.878476 0.480001
v 9.790688 -9.009134 0.480001
v 9.139661 -10.036448 0.480001
v 8.319806 -10.953659 0.480001
v 7.275901 -11.79857 0.480001
v 6.063047 -12.505119 0.480001
v 4.690997 -13.066594 0.480001
v 3.169507 -13.476277 0.480001
v 1.508332 -13.727453 0.480001
v 1.508332 -13.893282 0.480001
v 1.508332 -14.28872 0.48
v 1.508332 -14.760693 0.48
v 1.508332 -15.15613 0.48
v 1.508332 -15.321959 0.48
v 1.492286 -15.580947 0.48
v 1.445512 -15.810686 0.48
v 1.370055 -16.011793 0.48
v 1.26796 -16.184881 0.48
v 1.141274 -16.330568 0.48
v 0.955696 -16.474512 0.48
v 0.746772 -16.580378 0.48
v 0.521021 -16.651663 0.48
v 0.28496 -16.691868 0.48
v 0.045109 -16.70449 0.48
v -0.196757 -16.691713 0.48
v -0.435656 -16.65106 0.48
v -0.664767 -16.579042 0.48
v -0.877272 -16.472172 0.48
v -1.066349 -16.326963 0.48
v -1.194336 -16.181631 0.48
v -1.297724 -16.009092 0.48
v -1.374304 -15.808721 0.48
v -1.42187 -15.579885 0.48
v -1.438216 -15.321959 0.48
v -1.438216 -15.159239 0.48
v -1.438216 -14.771213 0.48
v -1.438216 -14.308085 0.48
v -1.438216 -13.920058 0.480001
v -1.438216 -13.757337 0.480001
v -3.250135 -13.546452 0.480001
v -4.944893 -13.170016 0.480001
v -6.487353 -12.630532 0.480001
v -7.842375 -11.930503 0.480001
v -8.97482 -11.072429 0.480001
v -9.544165 -10.492171 0.480001
v -10.002921 -9.885786 0.480001
v -10.341934 -9.256953 0.480001
v -10.552052 -8.609347 0.480001
v -10.624126 -7.946649 0.480001
v -10.598447 -7.578302 0.480001
v -10.523519 -7.242436 0.480001
v -10.402509 -6.940349 0.480001
v -10.238583 -6.673338 0.48
v -10.034907 -6.4427 0.48
v -9.772305 -6.234026 0.48
v -9.473899 -6.071183 0.48
v -9.145021 -5.954483 0.48
v -8.791005 -5.884235 0.48
v -8.417185 -5.860751 0.48
v -7.94381 -5.896707 0.48
v -7.481506 -6.015018 0.48
v -7.004118 -6.231352 0.48
v -6.48549 -6.561374 0.48
v -5.899469 -7.020751 0.480001
v -4.76033 -7.936075 0.480001
v -3.581936 -8.651574 0.480001
v -2.370611 -9.165192 0.480001
v -1.132687 -9.47487 0.480001
v 0.125511 -9.578552 0.480001
v 0.977402 -9.538655 0.480001
v 1.746072 -9.422282 0.480001
v 2.430713 -9.234406 0.480001
v 3.030513 -8.980002 0.480001
v 3.544661 -8.664045 0.480001
v 4.010464 -8.253533 0.480001
v 4.376203 -7.779521 0.480001
v 4.639897 -7.246101 0.480001
v 4.799566 -6.657367 0.48
v 4.85323 -6.017411 0.48
v 4.812604 -5.512698 0.48
v 4.687707 -5.048853 0.48
v 4.474007 -4.623459 0.48
v 4.166973 -4.2341 0.48
v 3.762073 -3.878361 0.48
v 3.309574 -3.586842 0.48
v 2.7638 -3.31912 0.48
v 2.120578 -3.073876 0.48
v 1.375731 -2.84979 0.48
v 0.525087 -2.645542 0.48
v 0.131674 -2.559765 0.48
v -0.806464 -2.355219 0.48
v -1.926178 -2.111084 0.48
v -2.864317 -1.906539 0.48
v -3.25773 -1.820762 0.48
v -4.592686 -1.485586 0.48
v -5.78953 -1.059787 0.48
v -6.847403 -0.543056 0.48
v -7.765445 0.064913 0.48
v -8.542796 0.76443 0.48
v -9.170545 1.545157 0.48
v -9.657824 2.413898 0.48
v -10.005192 3.369625 0.48
v -10.213204 4.411306 0.48
v -10.282418 5.537912 0.48
v -10.184547 6.822237 0.479999
v -9.896689 8.020057 0.479999
v -9.427481 9.123469 0.479999
v -8.785552 10.124578 0.48
v -7.979537 11.015483 0.48
v -6.956759 11.830879 0.48
v -5.772391 12.505197 0.48
v -4.437239 13.030358 0.48
v -2.962111 13.398285 0.48
v -1.357814 13.600898 0.48
v -1.357814 13.78227 0.48
v -1.357814 14.214776 0.48
v -1.357814 14.73099 0.48
v -1.357814 15.163495 0.48
v -1.357814 15.344867 0.48
v -1.341991 15.606601 0.48
v -1.295795 15.838081 0.48
v -1.221133 16.040058 0.48
v -1.119914 16.213285 0.48
v -0.994046 16.358515 0.48
v -0.808125 16.502043 0.48
v -0.598594 16.60667 0.48
v -0.372078 16.676424 0.48
v -0.135201 16.715324 0.48
v 0.010509866 -2.0484276 -2.795057
v 0.010509866 -2.0484276 -3.419167
v 0.085828036 9.543508 -2.795057
v 0.085828036 9.543508 -3.419167
v 0.08591968 3.2292187 -2.795057
v 0.08591968 3.2292187 -3.419167
v 0.23667221 -1.9444079 -2.795057
v 0.23667221 -1.9444079 -3.419167
v 0.2550447 4.532989 -2.795057
v 0.2550447 4.532989 -3.419167
v 0.26597816 9.446067 -2.795057
v 0.26597816 9.446067 -3.419167
v 0.3011105 4.5680833 -2.795057
v 0.3011105 4.5680833 -3.419167
v 0.3393246 4.597198 -2.795057
v 0.3393246 4.597198 -3.419167
v 0.3559284 3.024824 -2.795057
v 0.3559284 3.024824 -3.419167
v 0.3922298 4.6375117 -2.795057
v 0.3922298 4.6375117 -3.419167
v 0.44504175 9.331972 -2.795057
v 0.44504175 9.331972 -3.419167
v 0.45458543 -1.810594 -2.795057
v 0.45458543 -1.810594 -3.419167
v 0.6511036 9.184023 -2.795057
v 0.6511036 9.184023 -3.419167
v 0.6852297 2.7749977 -2.795057
v 0.6852297 2.7749977 -3.419167
v 0.69158334 -1.6325994 -2.795057
v 0.69158334 -1.6325994 -3.419167
v 0.84311044 4.979945 -2.795057
v 0.84311044 4.979945 -3.419167
v 0.8711372 2.633945 -2.795057
v 0.8711372 2.633945 -3.419167
v 0.8841638 9.00222 -2.795057
v 0.8841638 9.00222 -3.419167
v 0.91432375 8.977925 -2.795057
v 0.91432375 8.977925 -3.419167
v 0.93526286 8.961095 -2.795057
v 0.93526286 8.961095 -3.419167
v 0.947666 -1.4104242 -2.795057
v 0.947666 -1.4104242 -3.419167
v 0.98002213 -1.3807157 -2.795057
v 0.98002213 -1.3807157 -3.419167
v 1.0021904 -1.3604686 -2.795057
v 1.0021904 -1.3604686 -3.419167
v 1.0055412 8.904927 -2.795057
v 1.0055412 8.904927 -3.419167
v 1.0471652 2.5005991 -2.795057
v 1.0471652 2.5005991 -3.419167
v 1.1051078 8.825699 -2.795057
v 1.1051078 8.825699 -3.419167
v 1.1289005 -1.2444688 -2.795057
v 1.1289005 -1.2444688 -3.419167
v 1.1816092 8.764633 -2.795057
v 1.1816092 8.764633 -3.419167
v 1.2341253 5.27447 -2.795057
v 1.2341253 5.27447 -3.419167
v 1.2560252 8.704679 -2.795057
v 1.2560252 8.704679 -3.419167
v 1.2704816 -1.1132832 -2.795057
v 1.2704816 -1.1132832 -3.419167
v 1.4872525 2.8988137 -2.795057
v 1.4872525 2.8988137 -3.419167
v 1.5652741 5.521086 -2.795057
v 1.5652741 5.521086 -3.419167
v 1.5664866 8.910389 -2.795057
v 1.5664866 8.910389 -3.419167
v 1.7786107 -1.455188 -2.795057
v 1.7786107 -1.455188 -3.419167
v 1.8365571 5.7197943 -2.795057
v 1.8365571 5.7197943 -3.419167
v 1.8713323 9.10694 -2.795057
v 1.8713323 9.10694 -3.419167
v 1.8865529 3.2465346 -2.795057
v 1.8865529 3.2465346 -3.419167
v 2.1705623 9.294333 -2.795057
v 2.1705623 9.294333 -3.419167
v 2.2450666 3.5437615 -2.795057
v 2.2450666 3.5437615 -3.419167
v 2.2583492 -1.7596174 -2.795057
v 2.2583492 -1.7596174 -3.419167
v 2.306317 6.0543485 -2.795057
v 2.306317 6.0543485 -3.419167
v 2.5627935 3.7904942 -2.795057
v 2.5627935 3.7904942 -3.419167
v 2.7096968 -2.0265713 -2.795057
v 2.7096968 -2.0265713 -3.419167
v 2.7617807 6.3672757 -2.795057
v 2.7617807 6.3672757 -3.419167
v 2.8409405 9.689201 -2.795057
v 2.8409405 9.689201 -3.419167
v 3.132654 -2.2560496 -2.795057
v 3.132654 -2.2560496 -3.419167
v 3.1528232 4.202167 -2.795057
v 3.1528232 4.202167 -3.419167
v 3.202948 6.6585755 -2.795057
v 3.202948 6.6585755 -3.419167
v 3.3514683 0.8373644 -2.795057
v 3.3514683 0.8373644 -3.419167
v 3.4939349 10.036179 -2.795057
v 3.4939349 10.036179 -3.419167
v 3.629819 6.9282484 -2.795057
v 3.629819 6.9282484 -3.419167
v 3.6794345 1.1229085 -2.795057
v 3.6794345 1.1229085 -3.419167
v 3.728772 0.5991584 -2.795057
v 3.728772 0.5991584 -3.419167
v 3.753398 4.566008 -2.795057
v 3.753398 4.566008 -3.419167
v 3.8040555 -2.5749216 -2.795057
v 3.8040555 -2.5749216 -3.419167
v 3.970095 1.3641675 -2.795057
v 3.970095 1.3641675 -3.419167
v 4.0804543 0.39163512 -2.795057
v 4.0804543 0.39163512 -3.419167
v 4.129545 10.335267 -2.795057
v 4.129545 10.335267 -3.419167
v 4.1756454 7.2506404 -2.795057
v 4.1756454 7.2506404 -3.419167
v 4.2234497 1.5611413 -2.795057
v 4.2234497 1.5611413 -3.419167
v 4.3645177 4.882017 -2.795057
v 4.3645177 4.882017 -3.419167
v 4.406516 0.21479464 -2.795057
v 4.406516 0.21479464 -3.419167
v 4.470885 -2.836888 -2.795057
v 4.470885 -2.836888 -3.419167
v 4.656843 1.864135 -2.795057
v 4.656843 1.864135 -3.419167
v 4.701026 7.5319376 -2.795057
v 4.701026 7.5319376 -3.419167
v 4.747772 10.586465 -2.795057
v 4.747772 10.586465 -3.419167
v 4.885653 -0.01387066 -2.795057
v 4.885653 -0.01387066 -3.419167
v 4.986182 5.150194 -2.795057
v 4.986182 5.150194 -3.419167
v 5.094891 2.1309075 -2.795057
v 5.094891 2.1309075 -3.419167
v 5.133142 -3.0419493 -2.795057
v 5.133142 -3.0419493 -3.419167
v 5.205961 7.7721395 -2.795057
v 5.205961 7.7721395 -3.419167
v 5.348615 10.789775 -2.795057
v 5.348615 10.789775 -3.419167
v 5.3556614 -0.20111421 -2.795057
v 5.3556614 -0.20111421 -3.419167
v 5.537593 2.361459 -2.795057
v 5.537593 2.361459 -3.419167
v 5.6183915 5.370539 -2.795057
v 5.6183915 5.370539 -3.419167
v 5.6184287 5.3705487 -2.795057
v 5.6184287 5.3705487 -3.419167
v 5.6904507 7.9712462 -2.795057
v 5.6904507 7.9712462 -3.419167
v 5.7908273 -3.190105 -2.795057
v 5.7908273 -3.190105 -3.419167
v 5.8165417 -0.34693602 -2.795057
v 5.8165417 -0.34693602 -3.419167
v 5.9537883 10.951823 -2.795057
v 5.9537883 10.951823 -3.419167
v 5.9849486 2.555789 -2.795057
v 5.9849486 2.555789 -3.419167
v 6.1544943 8.129257 -2.795057
v 6.1544943 8.129257 -3.419167
v 6.2106724 5.5254693 -2.795057
v 6.2106724 5.5254693 -3.419167
v 6.2682934 -0.4513361 -2.795057
v 6.2682934 -0.4513361 -3.419167
v 6.436959 2.713898 -2.795057
v 6.436959 2.713898 -3.419167
v 6.4369884 2.7139075 -2.795057
v 6.4369884 2.7139075 -3.419167
v 6.44394 -3.2813551 -2.795057
v 6.44394 -3.2813551 -3.419167
v 6.5621037 11.072303 -2.795057
v 6.5621037 11.072303 -3.419167
v 6.664138 8.2622175 -2.795057
v 6.664138 8.2622175 -3.419167
v 6.7109165 -0.5143144 -2.795057
v 6.7109165 -0.5143144 -3.419167
v 6.805013 5.625928 -2.795057
v 6.805013 5.625928 -3.419167
v 6.962018 2.8389814 -2.795057
v 6.962018 2.8389814 -3.419167
v 7.0415864 -3.3180764 -2.795057
v 7.0415864 -3.3180764 -3.419167
v 7.0943193 -0.5385753 -2.795057
v 7.0943193 -0.5385753 -3.419167
v 7.173562 11.151214 -2.795057
v 7.173562 11.151214 -3.419167
v 7.176624 8.353212 -2.795057
v 7.176624 8.353212 -3.419167
v 7.4014516 5.671926 -2.795057
v 7.4014516 5.671926 -3.419167
v 7.4616117 -0.53581834 -2.795057
v 7.4616117 -0.53581834 -3.419167
v 7.4901676 2.8916428 -2.795057
v 7.4901676 2.8916428 -3.419167
v 7.622164 -3.3112662 -2.795057
v 7.622164 -3.3112662 -3.419167
v 7.6919518 8.402244 -2.795057
v 7.6919518 8.402244 -3.419167
v 7.788163 11.188556 -2.795057
v 7.788163 11.188556 -3.419167
v 7.8127933 -0.5060435 -2.795057
v 7.8127933 -0.5060435 -3.419167
v 7.999987 5.663462 -2.795057
v 7.999987 5.663462 -3.419167
v 8.021438 2.8718915 -2.795057
v 8.021438 2.8718915 -3.419167
v 8.147864 -0.44925082 -2.795057
v 8.147864 -0.44925082 -3.419167
v 8.185673 -3.2609246 -2.795057
v 8.185673 -3.2609246 -3.419167
v 8.210123 8.409309 -2.795057
v 8.210123 8.409309 -3.419167
v 8.405908 11.184329 -2.795057
v 8.405908 11.184329 -3.419167
v 8.547896 -0.33755356 -2.795057
v 8.547896 -0.33755356 -3.419167
v 8.555828 2.7797272 -2.795057
v 8.555828 2.7797272 -3.419167
v 8.60062 5.600538 -2.795057
v 8.60062 5.600538 -3.419167
v 8.731135 8.374411 -2.795057
v 8.731135 8.374411 -3.419167
v 8.732114 -3.1670518 -2.795057
v 8.732114 -3.1670518 -3.419167
v 8.874547 2.6855643 -2.795057
v 8.874547 2.6855643 -3.419167
v 8.915506 -0.18142112 -2.795057
v 8.915506 -0.18142112 -3.419167
v 9.026794 11.138534 -2.795057
v 9.026794 11.138534 -3.419167
v 9.164437 2.5626514 -2.795057
v 9.164437 2.5626514 -3.419167
v 9.191681 -3.0501187 -2.795057
v 9.191681 -3.0501187 -3.419167
v 9.20335 5.4831514 -2.795057
v 9.20335 5.4831514 -3.419167
v 9.250695 0.019146517 -2.795057
v 9.250695 0.019146517 -3.419167
v 9.288298 8.289679 -2.795057
v 9.288298 8.289679 -3.419167
v 9.425497 2.4109888 -2.795057
v 9.425497 2.4109888 -3.419167
v 9.519347 0.23834193 -2.795057
v 9.519347 0.23834193 -3.419167
v 9.622945 2.257804 -2.795057
v 9.622945 2.257804 -3.419167
v 9.632499 -2.9009376 -2.795057
v 9.632499 -2.9009376 -3.419167
v 9.679857 -8.316638 -2.795057
v 9.679857 -8.316638 -3.419167
v 9.684762 5.346532 -2.795057
v 9.684762 5.346532 -3.419167
v 9.699462 11.041462 -2.795057
v 9.699462 11.041462 -3.419167
v 9.723047 0.47529262 -2.795057
v 9.723047 0.47529262 -3.419167
v 9.772732 2.096173 -2.795057
v 9.772732 2.096173 -3.419167
v 9.830641 8.156279 -2.795057
v 9.830641 8.156279 -3.419167
v 9.861794 0.7299986 -2.795057
v 9.861794 0.7299986 -3.419167
v 9.874856 1.926096 -2.795057
v 9.874856 1.926096 -3.419167
v 9.905539 -8.501152 -2.795057
v 9.905539 -8.501152 -3.419167
v 9.9137745 0.90530723 -2.795057
v 9.9137745 0.90530723 -3.419167
v 9.946461 1.6999143 -2.795057
v 9.946461 1.6999143 -3.419167
v 9.955024 1.1467466 -2.795057
v 9.955024 1.1467466 -3.419167
v 9.973184 1.4401313 -2.795057
v 9.973184 1.4401313 -3.419167
v 10.054568 -2.719508 -2.795057
v 10.054568 -2.719508 -3.419167
v 10.14099 5.173306 -2.795057
v 10.14099 5.173306 -3.419167
v 10.157271 -8.7062 -2.795057
v 10.157271 -8.7062 -3.419167
v 10.178719 -5.5367484 -2.795057
v 10.178719 -5.5367484 -3.419167
v 10.29895 -5.5419483 -2.795057
v 10.29895 -5.5419483 -3.419167
v 10.356768 10.895816 -2.795057
v 10.356768 10.895816 -3.419167
v 10.358167 7.974209 -2.795057
v 10.358167 7.974209 -3.419167
v 10.41828 -5.557548 -2.795057
v 10.41828 -5.557548 -3.419167
v 10.435054 -8.931781 -2.795057
v 10.435054 -8.931781 -3.419167
v 10.45789 -2.50583 -2.795057
v 10.45789 -2.50583 -3.419167
v 10.535816 -5.583394 -2.795057
v 10.535816 -5.583394 -3.419167
v 10.572034 4.963474 -2.795057
v 10.572034 4.963474 -3.419167
v 10.650671 -5.619328 -2.795057
v 10.650671 -5.619328 -3.419167
v 10.738888 -9.1778965 -2.795057
v 10.738888 -9.1778965 -3.419167
v 10.761994 -5.665042 -2.795057
v 10.761994 -5.665042 -3.419167
v 10.842461 -2.2599037 -2.795057
v 10.842461 -2.2599037 -3.419167
v 10.8689375 -5.720233 -2.795057
v 10.8689375 -5.720233 -3.419167
v 10.870875 7.74347 -2.795057
v 10.870875 7.74347 -3.419167
v 10.970715 -5.7844515 -2.795057
v 10.970715 -5.7844515 -3.419167
v 10.977893 4.717036 -2.795057
v 10.977893 4.717036 -3.419167
v 10.99871 10.701592 -2.795057
v 10.99871 10.701592 -3.419167
v 11.066545 -5.857249 -2.795057
v 11.066545 -5.857249 -3.419167
v 11.093769 -9.465291 -2.795057
v 11.093769 -9.465291 -3.419167
v 11.267696 -1.9295188 -2.795057
v 11.267696 -1.9295188 -3.419167
v 11.33093 -6.0754824 -2.795057
v 11.33093 -6.0754824 -3.419167
v 11.368767 7.4640627 -2.795057
v 11.368767 7.4640627 -3.419167
v 11.383656 -9.700593 -2.795057
v 11.383656 -9.700593 -3.419167
v 11.438762 4.3638253 -2.795057
v 11.438762 4.3638253 -3.419167
v 11.608548 -9.883802 -2.795057
v 11.608548 -9.883802 -3.419167
v 11.625289 10.458794 -2.795057
v 11.625289 10.458794 -3.419167
v 11.640072 -1.5692792 -2.795057
v 11.640072 -1.5692792 -3.419167
v 11.655881 -6.3414907 -2.795057
v 11.655881 -6.3414907 -3.419167
v 11.751188 -10.001899 -2.795057
v 11.751188 -10.001899 -3.419167
v 11.7953205 7.171947 -2.795057
v 11.7953205 7.171947 -3.419167
v 11.831181 3.970775 -2.795057
v 11.831181 3.970775 -3.419167
v 11.953392 -10.171833 -2.795057
v 11.953392 -10.171833 -3.419167
v 11.959589 -1.1791849 -2.795057
v 11.959589 -1.1791849 -3.419167
v 12.041399 -6.6552734 -2.795057
v 12.041399 -6.6552734 -3.419167
v 12.155149 3.5378838 -2.795057
v 12.155149 3.5378838 -3.419167
v 12.189258 6.844137 -2.795057
v 12.189258 6.844137 -3.419167
v 12.226246 -0.759236 -2.795057
v 12.226246 -0.759236 -3.419167
v 12.236505 10.167419 -2.795057
v 12.236505 10.167419 -3.419167
v 12.2705555 -10.43626 -2.795057
v 12.2705555 -10.43626 -3.419167
v 12.410667 3.0651524 -2.795057
v 12.410667 3.0651524 -3.419167
v 12.440043 -0.30943242 -2.795057
v 12.440043 -0.30943242 -3.419167
v 12.487482 -7.016831 -2.795057
v 12.487482 -7.016831 -3.419167
v 12.537385 -10.651515 -2.795057
v 12.537385 -10.651515 -3.419167
v 12.550579 6.4806333 -2.795057
v 12.550579 6.4806333 -3.419167
v 12.554491 0.021369072 -2.795057
v 12.554491 0.021369072 -3.419167
v 12.571139 2.643498 -2.795057
v 12.571139 2.643498 -3.419167
v 12.644944 0.38649964 -2.795057
v 12.644944 0.38649964 -3.419167
v 12.681449 2.2047515 -2.795057
v 12.681449 2.2047515 -3.419167
v 12.711403 0.7859593 -2.795057
v 12.711403 0.7859593 -3.419167
v 12.741596 1.7489129 -2.795057
v 12.741596 1.7489129 -3.419167
v 12.75158 1.2759821 -2.795057
v 12.75158 1.2759821 -3.419167
v 12.7538805 -10.817598 -2.795057
v 12.7538805 -10.817598 -3.419167
v 12.832358 9.827469 -2.795057
v 12.832358 9.827469 -3.419167
v 12.845839 -7.307042 -2.795057
v 12.845839 -7.307042 -3.419167
v 12.879282 6.0814357 -2.795057
v 12.879282 6.0814357 -3.419167
v 12.993259 -10.982725 -2.795057
v 12.993259 -10.982725 -3.419167
v 13.13902 -7.5450215 -2.795057
v 13.13902 -7.5450215 -3.419167
v 13.169908 5.652817 -2.795057
v 13.169908 5.652817 -3.419167
v 13.235008 -11.125927 -2.795057
v 13.235008 -11.125927 -3.419167
v 13.349543 9.480273 -2.795057
v 13.349543 9.480273 -3.419167
v 13.367026 -7.730769 -2.795057
v 13.367026 -7.730769 -3.419167
v 13.411213 5.208765 -2.795057
v 13.411213 5.208765 -3.419167
v 13.479127 -11.247204 -2.795057
v 13.479127 -11.247204 -3.419167
v 13.521137 -11.26529 -2.795057
v 13.521137 -11.26529 -3.419167
v 13.527061 -7.8631916 -2.795057
v 13.527061 -7.8631916 -3.419167
v 13.564866 -11.282575 -2.795057
v 13.564866 -11.282575 -3.419167
v 13.594387 -11.31107 -2.795057
v 13.594387 -11.31107 -3.419167
v 13.603198 4.7492805 -2.795057
v 13.603198 4.7492805 -3.419167
v 13.621188 -11.336177 -2.795057
v 13.621188 -11.336177 -3.419167
v 13.745864 4.274363 -2.795057
v 13.745864 4.274363 -3.419167
v 13.746684 -8.047713 -2.795057
v 13.746684 -8.047713 -3.419167
v 13.747392 -11.452882 -2.795057
v 13.747392 -11.452882 -3.419167
v 13.815811 3.9254317 -2.795057
v 13.815811 3.9254317 -3.419167
v 13.834179 -8.121351 -2.795057
v 13.834179 -8.121351 -3.419167
v 13.835318 9.098733 -2.795057
v 13.835318 9.098733 -3.419167
v 13.867566 3.5251446 -2.795057
v 13.867566 3.5251446 -3.419167
v 13.901131 3.0735013 -2.795057
v 13.901131 3.0735013 -3.419167
v 13.910064 -11.60442 -2.795057
v 13.910064 -11.60442 -3.419167
v 13.91115 2.8108099 -2.795057
v 13.91115 2.8108099 -3.419167
v 13.917032 1.1810787 -2.795057
v 13.917032 1.1810787 -3.419167
v 13.917032 -8.190613 -2.795057
v 13.917032 -8.190613 -3.419167
v 13.917462 2.4859731 -2.795057
v 13.917462 2.4859731 -3.419167
v 13.917515 1.3757882 -2.795057
v 13.917515 1.3757882 -3.419167
v 13.918964 1.6498642 -2.795057
v 13.918964 1.6498642 -3.419167
v 13.920067 2.0989914 -2.795057
v 13.920067 2.0989914 -3.419167
v 14.109205 -11.790792 -2.795057
v 14.109205 -11.790792 -3.419167
v 14.254458 -11.926874 -2.795057
v 14.254458 -11.926874 -3.419167
v 14.289683 8.682849 -2.795057
v 14.289683 8.682849 -3.419167
v 14.358754 -12.02437 -2.795057
v 14.358754 -12.02437 -3.419167
v 14.458152 -12.1087675 -2.795057
v 14.458152 -12.1087675 -3.419167
v 14.565036 -12.183455 -2.795057
v 14.565036 -12.183455 -3.419167
v 14.678436 -12.247821 -2.795057
v 14.678436 -12.247821 -3.419167
v 14.71264 8.232619 -2.795057
v 14.71264 8.232619 -3.419167
v 14.79738 -12.301251 -2.795057
v 14.79738 -12.301251 -3.419167
v 14.920798 -12.343328 -2.795057
v 14.920798 -12.343328 -3.419167
v 15.047623 -12.373627 -2.795057
v 15.047623 -12.373627 -3.419167
v 15.104188 7.7480445 -2.795057
v 15.104188 7.7480445 -3.419167
v 15.176725 -12.391934 -2.795057
v 15.176725 -12.391934 -3.419167
v 15.306977 -12.398037 -2.795057
v 15.306977 -12.398037 -3.419167
v 15.468622 7.2206545 -2.795057
v 15.468622 7.2206545 -3.419167
v 15.578194 -12.371584 -2.795057
v 15.578194 -12.371584 -3.419167
v 15.785041 6.675616 -2.795057
v 15.785041 6.675616 -3.419167
v 15.838887 -12.292231 -2.795057
v 15.838887 -12.292231 -3.419167
v 16.053446 6.1129284 -2.795057
v 16.053446 6.1129284 -3.419167
v 16.079336 -12.164003 -2.795057
v 16.079336 -12.164003 -3.419167
v 16.273834 5.532593 -2.795057
v 16.273834 5.532593 -3.419167
v 16.289818 -11.99093 -2.795057
v 16.289818 -11.99093 -3.419167
v 16.446209 4.934608 -2.795057
v 16.446209 4.934608 -3.419167
v 16.462893 -11.780446 -2.795057
v 16.462893 -11.780446 -3.419167
v 16.528534 4.5495954 -2.795057
v 16.528534 4.5495954 -3.419167
v 16.59112 -11.539997 -2.795057
v 16.59112 -11.539997 -3.419167
v 16.594501 4.134793 -2.795057
v 16.594501 4.134793 -3.419167
v 16.644115 3.6902013 -2.795057
v 16.644115 3.6902013 -3.419167
v 16.670473 -11.279306 -2.795057
v 16.670473 -11.279306 -3.419167
v 16.677376 3.2158198 -2.795057
v 16.677376 3.2158198 -3.419167
v 16.689152 2.9132874 -2.795057
v 16.689152 2.9132874 -3.419167
v 16.696648 2.548598 -2.795057
v 16.696648 2.548598 -3.419167
v 16.696922 1.1810787 -2.795057
v 16.696922 1.1810787 -3.419167
v 16.696922 -11.008093 -2.795057
v 16.696922 -11.008093 -3.419167
v 16.697393 1.3672321 -2.795057
v 16.697393 1.3672321 -3.419167
v 16.698801 1.6327494 -2.795057
v 16.698801 1.6327494 -3.419167
v 16.699863 2.1217523 -2.795057
v 16.699863 2.1217523 -3.419167
v -0.101552695 4.258628 -2.795057
v -0.101552695 4.258628 -3.419167
v -0.124796405 3.3881824 -2.795057
v -0.124796405 3.3881824 -3.419167
v -0.14859514 9.656305 -2.795057
v -0.14859514 9.656305 -3.419167
v -0.15212767 3.4087527 -2.795057
v -0.15212767 3.4087527 -3.419167
v -0.19139282 3.4383109 -2.795057
v -0.19139282 3.4383109 -3.419167
v -0.2368155 9.697453 -2.795057
v -0.2368155 9.697453 -3.419167
v -0.2692943 -2.146796 -2.795057
v -0.2692943 -2.146796 -3.419167
v -0.2911731 9.724024 -2.795057
v -0.2911731 9.724024 -3.419167
v -0.31832096 -2.1621678 -2.795057
v -0.31832096 -2.1621678 -3.419167
v -0.3373866 -2.1683939 -2.795057
v -0.3373866 -2.1683939 -3.419167
v -0.36111626 3.5655882 -2.795057
v -0.36111626 3.5655882 -3.419167
v -0.4074161 9.78538 -2.795057
v -0.4074161 9.78538 -3.419167
v -0.41204694 4.0139728 -2.795057
v -0.41204694 4.0139728 -3.419167
v -0.4210067 -2.2053943 -2.795057
v -0.4210067 -2.2053943 -3.419167
v -0.522798 3.6858256 -2.795057
v -0.522798 3.6858256 -3.419167
v -0.55374753 -2.2685885 -2.795057
v -0.55374753 -2.2685885 -3.419167
v -0.5749737 9.876114 -2.795057
v -0.5749737 9.876114 -3.419167
v -0.6764381 3.7990232 -2.795057
v -0.6764381 3.7990232 -3.419167
v -0.6841808 -2.3311427 -2.795057
v -0.6841808 -2.3311427 -3.419167
v -0.78281176 -2.3768606 -2.795057
v -0.78281176 -2.3768606 -3.419167
v -0.8634264 10.030755 -2.795057
v -0.8634264 10.030755 -3.419167
v -1.0065904 0.5691624 -2.795057
v -1.0065904 0.5691624 -3.419167
v -1.0403 0.5383282 -2.795057
v -1.0403 0.5383282 -3.419167
v -1.0630322 0.5176692 -2.795057
v -1.0630322 0.5176692 -3.419167
v -1.0783992 0.51282656 -2.795057
v -1.0783992 0.51282656 -3.419167
v -1.0804328 10.14092 -2.795057
v -1.0804328 10.14092 -3.419167
v -1.0817357 7.0091033 -2.795057
v -1.0817357 7.0091033 -3.419167
v -1.081943 -2.5071318 -2.795057
v -1.081943 -2.5071318 -3.419167
v -1.0962827 0.507236 -2.795057
v -1.0962827 0.507236 -3.419167
v -1.1146916 7.0319257 -2.795057
v -1.1146916 7.0319257 -3.419167
v -1.1406121 7.0482984 -2.795057
v -1.1406121 7.0482984 -3.419167
v -1.1856018 6.93013 -2.795057
v -1.1856018 6.93013 -3.419167
v -1.2005419 7.07915 -2.795057
v -1.2005419 7.07915 -3.419167
v -1.2541533 0.45547208 -2.795057
v -1.2541533 0.45547208 -3.419167
v -1.292661 6.8486066 -2.795057
v -1.292661 6.8486066 -3.419167
v -1.3116003 7.1313877 -2.795057
v -1.3116003 7.1313877 -3.419167
v -1.3278756 0.8128977 -2.795057
v -1.3278756 0.8128977 -3.419167
v -1.3803048 0.4084478 -2.795057
v -1.3803048 0.4084478 -3.419167
v -1.381006 -2.6281614 -2.795057
v -1.381006 -2.6281614 -3.419167
v -1.3836802 6.779252 -2.795057
v -1.3836802 6.779252 -3.419167
v -1.4295316 6.74432 -2.795057
v -1.4295316 6.74432 -3.419167
v -1.4552026 7.1987867 -2.795057
v -1.4552026 7.1987867 -3.419167
v -1.5496466 0.33507067 -2.795057
v -1.5496466 0.33507067 -3.419167
v -1.5642847 7.2527933 -2.795057
v -1.5642847 7.2527933 -3.419167
v -1.5910884 1.0121434 -2.795057
v -1.5910884 1.0121434 -3.419167
v -1.6800007 -2.739949 -2.795057
v -1.6800007 -2.739949 -3.419167
v -1.7097907 7.329446 -2.795057
v -1.7097907 7.329446 -3.419167
v -1.7391813 10.434695 -2.795057
v -1.7391813 10.434695 -3.419167
v -1.7668561 0.23264189 -2.795057
v -1.7668561 0.23264189 -3.419167
v -1.7962288 1.1668997 -2.795057
v -1.7962288 1.1668997 -3.419167
v -1.8256931 1.1890742 -2.795057
v -1.8256931 1.1890742 -3.419167
v -1.8621367 0.18683451 -2.795057
v -1.8621367 0.18683451 -3.419167
v -1.8633254 1.217402 -2.795057
v -1.8633254 1.217402 -3.419167
v -1.883337 6.394204 -2.795057
v -1.883337 6.394204 -3.419167
v -1.9064494 7.4358344 -2.795057
v -1.9064494 7.4358344 -3.419167
v -1.9254651 0.15733206 -2.795057
v -1.9254651 0.15733206 -3.419167
v -2.1361294 7.559313 -2.795057
v -2.1361294 7.559313 -3.419167
v -2.157154 0.05640549 -2.795057
v -2.157154 0.05640549 -3.419167
v -2.2250342 1.4872719 -2.795057
v -2.2250342 1.4872719 -3.419167
v -2.2753892 6.082313 -2.795057
v -2.2753892 6.082313 -3.419167
v -2.2937224 7.6397758 -2.795057
v -2.2937224 7.6397758 -3.419167
v -2.3400779 -2.9538658 -2.795057
v -2.3400779 -2.9538658 -3.419167
v -2.3881025 -0.037106123 -2.795057
v -2.3881025 -0.037106123 -3.419167
v -2.4059577 10.680805 -2.795057
v -2.4059577 10.680805 -3.419167
v -2.5384567 1.7159315 -2.795057
v -2.5384567 1.7159315 -3.419167
v -2.6056883 5.8086457 -2.795057
v -2.6056883 5.8086457 -3.419167
v -2.6183102 -0.123202786 -2.795057
v -2.6183102 -0.123202786 -3.419167
v -2.8035927 1.903381 -2.795057
v -2.8035927 1.903381 -3.419167
v -2.8742342 5.5732026 -2.795057
v -2.8742342 5.5732026 -3.419167
v -2.8766172 7.895492 -2.795057
v -2.8766172 7.895492 -3.419167
v -2.9616864 5.4938173 -2.795057
v -2.9616864 5.4938173 -3.419167
v -2.992577 -3.1195197 -2.795057
v -2.992577 -3.1195197 -3.419167
v -3.0204422 2.0496202 -2.795057
v -3.0204422 2.0496202 -3.419167
v -3.0807621 10.879252 -2.795057
v -3.0807621 10.879252 -3.419167
v -3.0847044 5.382484 -2.795057
v -3.0847044 5.382484 -3.419167
v -3.092436 -0.27758232 -2.795057
v -3.092436 -0.27758232 -3.419167
v -3.1515176 5.3219743 -2.795057
v -3.1515176 5.3219743 -3.419167
v -3.2164965 5.2629232 -2.795057
v -3.2164965 5.2629232 -3.419167
v -3.4031577 2.2847168 -2.795057
v -3.4031577 2.2847168 -3.419167
v -3.4665213 8.100526 -2.795057
v -3.4665213 8.100526 -3.419167
v -3.491331 -5.5367484 -2.795057
v -3.491331 -5.5367484 -3.419167
v -3.491331 -8.316638 -2.795057
v -3.491331 -8.316638 -3.419167
v -3.556686 -0.39715698 -2.795057
v -3.556686 -0.39715698 -3.419167
v -3.6374986 -3.2369108 -2.795057
v -3.6374986 -3.2369108 -3.419167
v -3.6463134 -8.316836 -2.795057
v -3.6463134 -8.316836 -3.419167
v -3.650699 -5.53695 -2.795057
v -3.650699 -5.53695 -3.419167
v -3.7635944 11.030034 -2.795057
v -3.7635944 11.030034 -3.419167
v -3.764705 2.4771852 -2.795057
v -3.764705 2.4771852 -3.419167
v -3.776343 5.4408565 -2.795057
v -3.776343 5.4408565 -3.419167
v -3.864231 -8.317431 -2.795057
v -3.864231 -8.317431 -3.419167
v -3.873073 -5.537556 -2.795057
v -3.873073 -5.537556 -3.419167
v -4.01106 -0.48192674 -2.795057
v -4.01106 -0.48192674 -3.419167
v -4.0634346 8.254875 -2.795057
v -4.0634346 8.254875 -3.419167
v -4.105084 2.6270258 -2.795057
v -4.105084 2.6270258 -3.419167
v -4.2748423 -3.3060389 -2.795057
v -4.2748423 -3.3060389 -3.419167
v -4.345375 5.5663605 -2.795057
v -4.345375 5.5663605 -3.419167
v -4.4544544 11.133152 -2.795057
v -4.4544544 11.133152 -3.419167
v -4.4555593 -0.53189164 -2.795057
v -4.4555593 -0.53189164 -3.419167
v -4.4796443 -5.5358925 -2.795057
v -4.4796443 -5.5358925 -3.419167
v -4.523399 2.7623966 -2.795057
v -4.523399 2.7623966 -3.419167
v -4.53567 -8.315217 -2.795057
v -4.53567 -8.315217 -3.419167
v -4.6673574 8.3585415 -2.795057
v -4.6673574 8.3585415 -3.419167
v -4.8901825 -0.54705167 -2.795057
v -4.8901825 -0.54705167 -3.419167
v -4.904608 -3.326904 -2.795057
v -4.904608 -3.326904 -3.419167
v -4.923593 5.639435 -2.795057
v -4.923593 5.639435 -3.419167
v -4.952095 2.8465579 -2.795057
v -4.952095 2.8465579 -3.419167
v -5.0006824 -5.5267706 -2.795057
v -5.0006824 -5.5267706 -3.419167
v -5.12151 -8.304034 -2.795057
v -5.12151 -8.304034 -3.419167
v -5.1533427 11.188606 -2.795057
v -5.1533427 11.188606 -3.419167
v -5.278289 8.411525 -2.795057
v -5.278289 8.411525 -3.419167
v -5.3911734 2.8795094 -2.795057
v -5.3911734 2.8795094 -3.419167
v -5.4327826 -0.51640636 -2.795057
v -5.4327826 -0.51640636 -3.419167
v -5.4361873 -5.5101914 -2.795057
v -5.4361873 -5.5101914 -3.419167
v -5.5109963 5.6600795 -2.795057
v -5.5109963 5.6600795 -3.419167
v -5.6217513 -8.283881 -2.795057
v -5.6217513 -8.283881 -3.419167
v -5.623007 -3.2916784 -2.795057
v -5.623007 -3.2916784 -3.419167
v -5.72829 11.196709 -2.795057
v -5.72829 11.196709 -3.419167
v -5.7800035 8.414661 -2.795057
v -5.7800035 8.414661 -3.419167
v -5.7861586 -5.4861546 -2.795057
v -5.7861586 -5.4861546 -3.419167
v -5.840633 2.8612518 -2.795057
v -5.840633 2.8612518 -3.419167
v -5.936075 -0.43030635 -2.795057
v -5.936075 -0.43030635 -3.419167
v -6.036394 -8.254758 -2.795057
v -6.036394 -8.254758 -3.419167
v -6.1075854 5.628295 -2.795057
v -6.1075854 5.628295 -3.419167
v -6.1689186 -5.44178 -2.795057
v -6.1689186 -5.44178 -3.419167
v -6.217686 2.8055506 -2.795057
v -6.217686 2.8055506 -3.419167
v -6.2784953 8.378778 -2.795057
v -6.2784953 8.378778 -3.419167
v -6.299989 11.169134 -2.795057
v -6.299989 11.169134 -3.419167
v -6.3090963 -3.1936255 -2.795057
v -6.3090963 -3.1936255 -3.419167
v -6.400059 -0.28875166 -2.795057
v -6.400059 -0.28875166 -3.419167
v -6.540123 -5.3788867 -2.795057
v -6.540123 -5.3788867 -3.419167
v -6.558906 2.714705 -2.795057
v -6.558906 2.714705 -3.419167
v -6.5702577 -8.192575 -2.795057
v -6.5702577 -8.192575 -3.419167
v -6.702011 5.5437207 -2.795057
v -6.702011 5.5437207 -3.419167
v -6.773764 8.303877 -2.795057
v -6.773764 8.303877 -3.419167
v -6.8247347 -0.0917423 -2.795057
v -6.8247347 -0.0917423 -3.419167
v -6.864294 2.588715 -2.795057
v -6.864294 2.588715 -3.419167
v -6.868439 11.105882 -2.795057
v -6.868439 11.105882 -3.419167
v -6.899771 -5.297474 -2.795057
v -6.899771 -5.297474 -3.419167
v -6.962877 -3.0327456 -2.795057
v -6.962877 -3.0327456 -3.419167
v -7.0909224 -8.103715 -2.795057
v -7.0909224 -8.103715 -3.419167
v -7.1338487 2.4275808 -2.795057
v -7.1338487 2.4275808 -3.419167
v -7.1543617 0.12946545 -2.795057
v -7.1543617 0.12946545 -3.419167
v -7.2478642 -5.197542 -2.795057
v -7.2478642 -5.197542 -3.419167
v -7.26281 5.408011 -2.795057
v -7.26281 5.408011 -3.419167
v -7.26581 8.189958 -2.795057
v -7.26581 8.189958 -3.419167
v -7.360846 2.23924 -2.795057
v -7.360846 2.23924 -3.419167
v -7.406646 0.3843668 -2.795057
v -7.406646 0.3843668 -3.419167
v -7.4336405 11.006952 -2.795057
v -7.4336405 11.006952 -3.419167
v -7.518428 2.0459101 -2.795057
v -7.518428 2.0459101 -3.419167
v -7.581586 0.6729618 -2.795057
v -7.581586 0.6729618 -3.419167
v -7.5843472 -2.8090384 -2.795057
v -7.5843472 -2.8090384 -3.419167
v -7.5983887 -7.988176 -2.795057
v -7.5983887 -7.988176 -3.419167
v -7.621205 1.8252438 -2.795057
v -7.621205 1.8252438 -3.419167
v -7.679183 0.9952504 -2.795057
v -7.679183 0.9952504 -3.419167
v -7.6872983 1.5492979 -2.795057
v -7.6872983 1.5492979 -3.419167
v -7.706211 1.277651 -2.795057
v -7.706211 1.277651 -3.419167
v -7.742433 8.040714 -2.795057
v -7.742433 8.040714 -3.419167
v -7.789983 5.2211666 -2.795057
v -7.789983 5.2211666 -3.419167
v -7.8519626 -4.9725885 -2.795057
v -7.8519626 -4.9725885 -3.419167
v -7.995593 10.872346 -2.795057
v -7.995593 10.872346 -3.419167
v -8.092656 -7.8459587 -2.795057
v -8.092656 -7.8459587 -3.419167
v -8.173509 -2.5225043 -2.795057
v -8.173509 -2.5225043 -3.419167
v -8.200237 7.857447 -2.795057
v -8.200237 7.857447 -3.419167
v -8.283529 4.9831867 -2.795057
v -8.283529 4.9831867 -3.419167
v -8.421398 -4.6941266 -2.795057
v -8.421398 -4.6941266 -3.419167
v -8.545466 10.70462 -2.795057
v -8.545466 10.70462 -3.419167
v -8.585778 -2.2687056 -2.795057
v -8.585778 -2.2687056 -3.419167
v -8.639222 7.6401567 -2.795057
v -8.639222 7.6401567 -3.419167
v -8.743449 4.694072 -2.795057
v -8.743449 4.694072 -3.419167
v -8.816889 -7.582789 -2.795057
v -8.816889 -7.582789 -3.419167
v -8.95617 -4.3621573 -2.795057
v -8.95617 -4.3621573 -3.419167
v -8.960219 -1.9858161 -2.795057
v -8.960219 -1.9858161 -3.419167
v -9.059387 7.3888435 -2.795057
v -9.059387 7.3888435 -3.419167
v -9.078814 10.505139 -2.795057
v -9.078814 10.505139 -3.419167
v -9.266125 4.262391 -2.795057
v -9.266125 4.262391 -3.419167
v -9.296833 -1.6738358 -2.795057
v -9.296833 -1.6738358 -3.419167
v -9.456279 -3.9766805 -2.795057
v -9.456279 -3.9766805 -3.419167
v -9.506915 -7.2661633 -2.795057
v -9.506915 -7.2661633 -3.419167
v -9.59562 -1.3327645 -2.795057
v -9.59562 -1.3327645 -3.419167
v -9.595634 10.273903 -2.795057
v -9.595634 10.273903 -3.419167
v -9.601965 6.991873 -2.795057
v -9.601965 6.991873 -3.419167
v -9.69646 3.775269 -2.795057
v -9.69646 3.775269 -3.419167
v -9.8879385 -0.9108863 -2.795057
v -9.8879385 -0.9108863 -3.419167
v -9.921725 -3.537696 -2.795057
v -9.921725 -3.537696 -3.419167
v -10.034455 3.2327046 -2.795057
v -10.034455 3.2327046 -3.419167
v -10.078033 6.5532813 -2.795057
v -10.078033 6.5532813 -3.419167
v -10.09593 10.010913 -2.795057
v -10.09593 10.010913 -3.419167
v -10.122449 -0.46156615 -2.795057
v -10.122449 -0.46156615 -3.419167
v -10.162733 -6.896083 -2.795057
v -10.162733 -6.896083 -3.419167
v -10.28011 2.6346984 -2.795057
v -10.28011 2.6346984 -3.419167
v -10.299151 0.015195869 -2.795057
v -10.299151 0.015195869 -3.419167
v -10.343216 -3.05283 -2.795057
v -10.343216 -3.05283 -3.419167
v -10.418044 0.51939976 -2.795057
v -10.418044 0.51939976 -3.419167
v -10.433425 1.9812504 -2.795057
v -10.433425 1.9812504 -3.419167
v -10.467288 0.8886641 -2.795057
v -10.467288 0.8886641 -3.419167
v -10.474978 1.6195894 -2.795057
v -10.474978 1.6195894 -3.419167
v -10.486266 1.255394 -2.795057
v -10.486266 1.255394 -3.419167
v -10.487592 6.0730686 -2.795057
v -10.487592 6.0730686 -3.419167
v -10.5797 9.7161665 -2.795057
v -10.5797 9.7161665 -3.419167
v -10.699388 -2.5422542 -2.795057
v -10.699388 -2.5422542 -3.419167
v -10.784343 -6.472547 -2.795057
v -10.784343 -6.472547 -3.419167
v -10.830641 5.5512347 -2.795057
v -10.830641 5.5512347 -3.419167
v -10.990241 -2.005968 -2.795057
v -10.990241 -2.005968 -3.419167
v -11.056632 9.381838 -2.795057
v -11.056632 9.381838 -3.419167
v -11.107181 4.98778 -2.795057
v -11.107181 4.98778 -3.419167
v -11.215776 -1.4439721 -2.795057
v -11.215776 -1.4439721 -3.419167
v -11.31721 4.3827043 -2.795057
v -11.31721 4.3827043 -3.419167
v -11.371745 -5.995556 -2.795057
v -11.371745 -5.995556 -3.419167
v -11.375994 -0.85626596 -2.795057
v -11.375994 -0.85626596 -3.419167
v -11.396004 4.0482364 -2.795057
v -11.396004 4.0482364 -3.419167
v -11.440096 -0.45524457 -2.795057
v -11.440096 -0.45524457 -3.419167
v -11.454801 3.6735475 -2.795057
v -11.454801 3.6735475 -3.419167
v -11.485446 0.055883165 -2.795057
v -11.485446 0.055883165 -3.419167
v -11.493604 3.2586377 -2.795057
v -11.493604 3.2586377 -3.419167
v -11.504323 9.021058 -2.795057
v -11.504323 9.021058 -3.419167
v -11.505925 3.0137532 -2.795057
v -11.505925 3.0137532 -3.419167
v -11.512043 0.6771172 -2.795057
v -11.512043 0.6771172 -3.419167
v -11.514426 2.7089465 -2.795057
v -11.514426 2.7089465 -3.419167
v -11.519108 2.3442178 -2.795057
v -11.519108 2.3442178 -3.419167
v -11.5195675 1.6565839 -2.795057
v -11.5195675 1.6565839 -3.419167
v -11.519648 1.5531291 -2.795057
v -11.519648 1.5531291 -3.419167
v -11.519669 1.7664964 -2.795057
v -11.519669 1.7664964 -3.419167
v -11.519889 1.4084576 -2.795057
v -11.519889 1.4084576 -3.419167
v -11.51997 1.9195669 -2.795057
v -11.51997 1.9195669 -3.419167
v -11.922773 8.633829 -2.795057
v -11.922773 8.633829 -3.419167
v -11.924939 -5.4651093 -2.795057
v -11.924939 -5.4651093 -3.419167
v -12.311984 8.220149 -2.795057
v -12.311984 8.220149 -3.419167
v -12.453642 -4.86629 -2.795057
v -12.453642 -4.86629 -3.419167
v -12.671954 7.7800207 -2.795057
v -12.671954 7.7800207 -3.419167
v -12.915548 -4.2382464 -2.795057
v -12.915548 -4.2382464 -3.419167
v -13.01687 7.290906 -2.795057
v -13.01687 7.290906 -3.419167
v -13.31066 -3.5809782 -2.795057
v -13.31066 -3.5809782 -3.419167
v -13.321375 6.7821794 -2.795057
v -13.321375 6.7821794 -3.419167
v -13.585471 6.25384 -2.795057
v -13.585471 6.25384 -3.419167
v -13.638977 -2.8944852 -2.795057
v -13.638977 -2.8944852 -3.419167
v -13.809157 5.7058887 -2.795057
v -13.809157 5.7058887 -3.419167
v -13.900497 -2.1787682 -2.795057
v -13.900497 -2.1787682 -3.419167
v -13.9924345 5.1383247 -2.795057
v -13.9924345 5.1383247 -3.419167
v -14.089308 4.750197 -2.795057
v -14.089308 4.750197 -3.419167
v -14.095222 -1.4338263 -2.795057
v -14.095222 -1.4338263 -3.419167
v -14.159638 -1.0911896 -2.795057
v -14.159638 -1.0911896 -3.419167
v -14.16743 4.338151 -2.795057
v -14.16743 4.338151 -3.419167
v -14.211592 -0.72855264 -2.795057
v -14.211592 -0.72855264 -3.419167
v -14.2268 3.902187 -2.795057
v -14.2268 3.902187 -3.419167
v -14.251083 -0.3459156 -2.795057
v -14.251083 -0.3459156 -3.419167
v -14.267419 3.4423053 -2.795057
v -14.267419 3.4423053 -3.419167
v -14.278111 0.056721635 -2.795057
v -14.278111 0.056721635 -3.419167
v -14.282477 3.1499262 -2.795057
v -14.282477 3.1499262 -3.419167
v -14.28824 0.31564245 -2.795057
v -14.28824 0.31564245 -3.419167
v -14.292903 2.7976089 -2.795057
v -14.292903 2.7976089 -3.419167
v -14.295226 0.6281403 -2.795057
v -14.295226 0.6281403 -3.419167
v -14.298696 2.385353 -2.795057
v -14.298696 2.385353 -3.419167
v -14.299071 0.9942152 -2.795057
v -14.299071 0.9942152 -3.419167
v -14.299457 1.6565839 -2.795057
v -14.299457 1.6565839 -3.419167
v -14.299536 1.5559618 -2.795057
v -14.299536 1.5559618 -3.419167
v -14.299557 1.7627239 -2.795057
v -14.299557 1.7627239 -3.419167
v -14.299774 1.4138671 -2.795057
v -14.299774 1.4138671 -3.419167
v -14.299854 1.9131593 -2.795057
v -14.299854 1.9131593 -3.419167
vt 0.243978 0.465353
vt 0.250074 0.465346
vt 0.247031 0.465506
vt 0.240973 0.464859
vt 0.253068 0.464836
vt 0.2381 0.463974
vt 0.255932 0.463931
vt 0.235442 0.462647
vt 0.258583 0.462588
vt 0.233083 0.460826
vt 0.260937 0.460762
vt 0.231486 0.458984
vt 0.262544 0.458914
vt 0.230202 0.456786
vt 0.263839 0.456718
vt 0.229255 0.454224
vt 0.264796 0.454167
vt 0.228669 0.451287
vt 0.26539 0.451252
vt 0.228468 0.447967
vt 0.265593 0.447967
vt 0.228468 0.445666
vt 0.265593 0.445629
vt 0.228468 0.440179
vt 0.265593 0.440054
vt 0.228468 0.433631
vt 0.265593 0.433401
vt 0.228468 0.428144
vt 0.265593 0.427826
vt 0.228468 0.425843
vt 0.265593 0.425488
vt 0.208116 0.423273
vt 0.28577 0.422322
vt 0.189403 0.418605
vt 0.304737 0.417352
vt 0.172465 0.411943
vt 0.322074 0.4106
vt 0.15744 0.403388
vt 0.33736 0.402083
vt 0.144465 0.393044
vt 0.350173 0.391823
vt 0.13424 0.381742
vt 0.357355 0.384208
vt 0.363065 0.376362
vt 0.126096 0.369042
vt 0.243461 0.373066
vt 0.367232 0.368378
vt 0.234268 0.372539
vt 0.258654 0.372021
vt 0.225812 0.371015
vt 0.272591 0.368732
vt 0.218139 0.368584
vt 0.120144 0.355044
vt 0.285791 0.362971
vt 0.211293 0.365333
vt 0.369785 0.360348
vt 0.20532 0.36135
vt 0.298772 0.354508
vt 0.199807 0.356237
vt 0.370651 0.352364
vt 0.195425 0.350444
vt 0.116492 0.339849
vt 0.312052 0.343115
vt 0.370343 0.348352
vt 0.192228 0.344065
vt 0.369448 0.344615
vt 0.368012 0.341185
vt 0.19027 0.337195
vt 0.318852 0.33773
vt 0.366083 0.338095
vt 0.11525 0.323555
vt 0.363706 0.335379
vt 0.325391 0.333611
vt 0.189605 0.329929
vt 0.360788 0.332969
vt 0.331923 0.330718
vt 0.357498 0.33104
vt 0.353893 0.329623
vt 0.338698 0.329012
vt 0.190123 0.323525
vt 0.350031 0.32875
vt 0.345969 0.328452
vt 0.116129 0.309263
vt 0.19169 0.317592
vt 0.19433 0.312124
vt 0.198064 0.307116
vt 0.118767 0.296049
vt 0.202913 0.30256
vt 0.208332 0.298816
vt 0.214776 0.295448
vt 0.123174 0.283924
vt 0.222268 0.29246
vt 0.23083 0.28986
vt 0.240483 0.287652
vt 0.2455 0.286617
vt 0.257466 0.284149
vt 0.271746 0.281203
vt 0.129356 0.272903
vt 0.283711 0.278734
vt 0.288729 0.277699
vt 0.306397 0.273535
vt 0.322196 0.268262
vt 0.137319 0.262999
vt 0.336124 0.26186
vt 0.147181 0.254125
vt 0.348178 0.254309
vt 0.358355 0.24559
vt 0.158827 0.246412
vt 0.172247 0.239857
vt 0.366498 0.235881
vt 0.187431 0.234455
vt 0.372803 0.225032
vt 0.204366 0.230203
vt 0.209357 0.229115
vt 0.221258 0.22652
vt 0.235463 0.223423
vt 0.377285 0.213041
vt 0.247364 0.220828
vt 0.252355 0.21974
vt 0.263146 0.217149
vt 0.272595 0.214306
vt 0.280755 0.211195
vt 0.379963 0.199908
vt 0.287679 0.207799
vt 0.293419 0.2041
vt 0.298556 0.199587
vt 0.380851 0.185632
vt 0.302451 0.194648
vt 0.305162 0.189251
vt 0.306747 0.183367
vt 0.379602 0.168924
vt 0.307262 0.176964
vt 0.134171 0.178654
vt 0.144918 0.178495
vt 0.138913 0.178952
vt 0.12968 0.177763
vt 0.150783 0.176995
vt 0.125507 0.176282
vt 0.156839 0.17425
vt 0.306581 0.168846
vt 0.121722 0.174216
vt 0.163418 0.170063
vt 0.11839 0.171569
vt 0.115807 0.168643
vt 0.170853 0.164236
vt 0.375919 0.153355
vt 0.304556 0.161377
vt 0.113727 0.165256
vt 0.112192 0.161424
vt 0.185304 0.152624
vt 0.111241 0.157163
vt 0.30121 0.15461
vt 0.110916 0.15249
vt 0.296571 0.148597
vt 0.369899 0.139011
vt 0.200253 0.143547
vt 0.11183 0.144083
vt 0.290661 0.143389
vt 0.114495 0.135867
vt 0.21562 0.137031
vt 0.284139 0.139381
vt 0.27653 0.136153
vt 0.36164 0.125979
vt 0.231324 0.133103
vt 0.267844 0.13377
vt 0.118796 0.12789
vt 0.258093 0.132294
vt 0.247286 0.131787
vt 0.124616 0.120197
vt 0.351239 0.114343
vt 0.131839 0.112836
vt 0.337996 0.103624
vt 0.146205 0.10195
vt 0.32261 0.094661
vt 0.163395 0.09307
vt 0.305204 0.087538
vt 0.182963 0.086226
vt 0.285902 0.082341
vt 0.204462 0.08145
vt 0.264828 0.079154
vt 0.227448 0.078775
vt 0.264828 0.077051
vt 0.227448 0.076711
vt 0.264828 0.072034
vt 0.227448 0.071788
vt 0.264828 0.066047
vt 0.227448 0.065913
vt 0.264828 0.06103
vt 0.227448 0.060991
vt 0.264828 0.058926
vt 0.227448 0.058926
vt 0.227656 0.055654
vt 0.264625 0.055641
vt 0.228259 0.052751
vt 0.264031 0.052726
vt 0.229231 0.050209
vt 0.263074 0.050175
vt 0.230542 0.04802
vt 0.261779 0.047979
vt 0.232166 0.046177
vt 0.260172 0.046131
vt 0.234565 0.044335
vt 0.257818 0.044305
vt 0.23726 0.042979
vt 0.255167 0.042962
vt 0.240167 0.042065
vt 0.252303 0.042058
vt 0.243198 0.04155
vt 0.249309 0.041548
vt 0.246266 0.041387
vt 0.202913 0.30256
vt 0.208332 0.298816
vt 0.240483 0.287652
vt 0.214776 0.295448
vt 0.209357 0.229115
vt 0.204366 0.230203
vt 0.147181 0.254125
vt 0.5528079 0.76238114
vt 0.5528214 0.75617766
vt 0.5528393 0.7528093
vt 0.55284524 0.59581536
vt 0.55284524 0.75044775
vt 0.55284876 0.76779616
vt 0.5529438 0.7724226
vt 0.5530932 0.77626055
vt 0.5531808 0.59237474
vt 0.5535152 0.78227854
vt 0.55414456 0.7879187
vt 0.5541875 0.5890676
vt 0.55498147 0.7931809
vt 0.55581415 0.58601725
vt 0.5560258 0.7980652
vt 0.5580098 0.583347
vt 0.5582126 0.80565125
vt 0.56068 0.5811514
vt 0.56100845 0.81301343
vt 0.56373036 0.57952476
vt 0.5644134 0.8201517
vt 0.56703746 0.57851803
vt 0.5684275 0.82706606
vt 0.57047814 0.57818246
vt 0.57213056 0.5782599
vt 0.57305074 0.83375657
vt 0.5737684 0.57849216
vt 0.5753772 0.5788765
vt 0.5769429 0.5794103
vt 0.57801795 0.8399039
vt 0.5784519 0.58008814
vt 0.5798905 0.58090466
vt 0.5812464 0.58185214
vt 0.5825074 0.5829228
vt 0.58338356 0.8456155
vt 0.5838305 0.5841597
vt 0.58567315 0.585886
vt 0.58807254 0.7620924
vt 0.58808655 0.75639474
vt 0.58810496 0.7529178
vt 0.5881056 0.7670017
vt 0.58811104 0.63155806
vt 0.58811104 0.75044775
vt 0.58818567 0.7711226
vt 0.5881995 0.58825034
vt 0.5883128 0.7744551
vt 0.58873856 0.7801846
vt 0.5891477 0.8508915
vt 0.5891621 0.6324367
vt 0.58939517 0.7852627
vt 0.5902631 0.59017277
vt 0.5902721 0.6333709
vt 0.5902825 0.7896893
vt 0.59186417 0.5916532
vt 0.5920924 0.7957141
vt 0.59220415 0.59197176
vt 0.59257865 0.59233326
vt 0.5930582 0.6357117
vt 0.5931334 0.59255254
vt 0.5936663 0.59278196
vt 0.5945279 0.8015431
vt 0.5950885 0.6373916
vt 0.5953103 0.8557317
vt 0.59676325 0.59432054
vt 0.59758914 0.8071764
vt 0.597981 0.63974804
vt 0.5998301 0.59613717
vt 0.60127604 0.81261384
vt 0.6017003 0.6427671
vt 0.60187125 0.8601362
vt 0.6028669 0.598232
vt 0.60289603 0.75165164
vt 0.6030227 0.7576513
vt 0.6034057 0.74543524
vt 0.60378575 0.76343405
vt 0.6042488 0.74036765
vt 0.60518515 0.76900005
vt 0.60539633 0.7357356
vt 0.605446 0.8176781
vt 0.60561335 0.60033894
vt 0.6062464 0.6464487
vt 0.60684824 0.731539
vt 0.6072209 0.7743492
vt 0.60899836 0.60306966
vt 0.6094303 0.86444885
vt 0.6095605 0.7258328
vt 0.6100297 0.8222895
vt 0.61046237 0.7803463
vt 0.61190546 0.6510354
vt 0.6129433 0.72050536
vt 0.6130219 0.6064242
vt 0.6145723 0.78583795
vt 0.6150272 0.82644814
vt 0.61558706 0.60858
vt 0.61679614 0.65501606
vt 0.6169967 0.71555656
vt 0.6171842 0.8681452
vt 0.6173966 0.61007816
vt 0.6195505 0.7908242
vt 0.6202496 0.6124023
vt 0.62043846 0.83015394
vt 0.6209185 0.65839064
vt 0.6217207 0.71098655
vt 0.6239271 0.61538744
vt 0.62427247 0.66115916
vt 0.62513304 0.8712254
vt 0.6253971 0.795305
vt 0.62548816 0.6620827
vt 0.62675476 0.8336985
vt 0.6267793 0.66289735
vt 0.62711525 0.7067953
vt 0.62813604 0.6635975
vt 0.6284292 0.61903334
vt 0.62954825 0.6641775
vt 0.63054585 0.7984314
vt 0.6310053 0.66463333
vt 0.6319939 0.70367545
vt 0.63228357 0.62215555
vt 0.6324964 0.6649612
vt 0.633259 0.8366257
vt 0.63327676 0.8736893
vt 0.6340102 0.6651591
vt 0.6355355 0.6652251
vt 0.6358076 0.6250173
vt 0.6360141 0.80109334
vt 0.6371105 0.7009647
vt 0.6381429 0.7537341
vt 0.63837326 0.75001216
vt 0.6384819 0.7570297
vt 0.6388966 0.7469493
vt 0.6390011 0.62761855
vt 0.6393903 0.759899
vt 0.639556 0.74472535
vt 0.6399512 0.83893543
vt 0.64068586 0.76205665
vt 0.6413162 0.74149406
vt 0.64161533 0.875537
vt 0.64180183 0.80329084
vt 0.64186406 0.6299593
vt 0.6424649 0.6986631
vt 0.64258605 0.7641071
vt 0.6439003 0.73848814
vt 0.6450909 0.76605046
vt 0.6468314 0.84062773
vt 0.6473084 0.7357074
vt 0.64790905 0.805024
vt 0.6480571 0.69677055
vt 0.6484027 0.76797444
vt 0.65014887 0.87676847
vt 0.65156066 0.733163
vt 0.65208024 0.7695337
vt 0.65388715 0.69528717
vt 0.6538996 0.8417027
vt 0.6555553 0.8065132
vt 0.6561235 0.77072823
vt 0.65622413 0.73118234
vt 0.65802544 0.8773494
vt 0.66050917 0.8421454
vt 0.66081935 0.69409627
vt 0.661299 0.7297653
vt 0.66290283 0.77189744
vt 0.663175 0.8073114
vt 0.6655497 0.7290448
vt 0.6658622 0.877403
vt 0.6670827 0.84205574
vt 0.66796803 0.6934576
vt 0.66964257 0.772148
vt 0.67000484 0.72866714
vt 0.670768 0.8074188
vt 0.67362016 0.84143376
vt 0.673659 0.8769293
vt 0.6746643 0.7286321
vt 0.67533326 0.69337124
vt 0.67634267 0.77147996
vt 0.6783345 0.8068353
vt 0.6795282 0.7289399
vt 0.6801216 0.84027934
vt 0.68141603 0.8759282
vt 0.68291503 0.6938371
vt 0.68300325 0.7698933
vt 0.6830036 0.76989317
vt 0.6851433 0.72973883
vt 0.6858743 0.8055608
vt 0.686587 0.83859265
vt 0.6887378 0.76788735
vt 0.68913317 0.87439984
vt 0.6908742 0.73106325
vt 0.6912005 0.6949947
vt 0.6924738 0.8365881
vt 0.6933875 0.80359554
vt 0.693388 0.8035954
vt 0.694413 0.7654221
vt 0.696721 0.73291314
vt 0.69681036 0.8723441
vt 0.6986201 0.8340622
vt 0.6995439 0.6968742
vt 0.70002913 0.7624973
vt 0.7014082 0.8008001
vt 0.70268357 0.73528856
vt 0.7044327 0.86976486
vt 0.70502573 0.831015
vt 0.70558625 0.759113
vt 0.7079453 0.69947565
vt 0.70876193 0.7381894
vt 0.7092947 0.797398
vt 0.7110843 0.7552692
vt 0.7116907 0.82744646
vt 0.71227556 0.86657816
vt 0.7128983 0.74043286
vt 0.71429837 0.7527704
vt 0.71640474 0.70279896
vt 0.7170474 0.7933891
vt 0.7173598 0.7430655
vt 0.7179857 0.7497098
vt 0.7186151 0.82335657
vt 0.72033894 0.8627839
vt 0.7221463 0.7460873
vt 0.72403044 0.8199355
vt 0.7246663 0.7887734
vt 0.7249222 0.70684415
vt 0.72862285 0.85838217
vt 0.7296271 0.8162401
vt 0.73028785 0.7097553
vt 0.73215145 0.78355086
vt 0.7354051 0.8122703
vt 0.73601365 0.7131419
vt 0.73618215 0.78042084
vt 0.7371273 0.8533728
vt 0.7407303 0.7766502
vt 0.74092335 0.85099554
vt 0.74136454 0.8080261
vt 0.74209964 0.71700394
vt 0.7447906 0.8485021
vt 0.74480605 0.8055053
vt 0.7457958 0.77223897
vt 0.74854577 0.7213414
vt 0.74872917 0.8458924
vt 0.749007 0.8023767
vt 0.7496732 0.84665304
vt 0.7503419 0.7196771
vt 0.75064373 0.8474277
vt 0.7513788 0.76718724
vt 0.7519068 0.84843284
vt 0.7519493 0.7182056
vt 0.7522305 0.7179487
vt 0.752641 0.7175718
vt 0.7527984 0.84914535
vt 0.75306404 0.8493589
vt 0.75344664 0.8496671
vt 0.75361186 0.7688789
vt 0.7539674 0.7986403
vt 0.7558897 0.71475327
vt 0.7559703 0.77066827
vt 0.7564032 0.8519734
vt 0.7588963 0.7124952
vt 0.75901735 0.85385036
vt 0.7596873 0.7942962
vt 0.7601478 0.77383757
vt 0.76035845 0.79378474
vt 0.7608433 0.7934154
vt 0.76128894 0.85529774
vt 0.76142764 0.7929702
vt 0.76166075 0.71079767
vt 0.76357317 0.77643055
vt 0.76357436 0.8565339
vt 0.7645298 0.7094781
vt 0.76595145 0.7894896
vt 0.7662463 0.77844715
vt 0.7665482 0.8579649
vt 0.76659304 0.7787081
vt 0.76709116 0.7790831
vt 0.7676674 0.85848683
vt 0.76807946 0.70823014
vt 0.768357 0.8588239
vt 0.7687014 0.7080352
vt 0.76894325 0.7079562
vt 0.7692443 0.7806977
vt 0.76983166 0.8596023
vt 0.7698904 0.78638595
vt 0.7700041 0.70748675
vt 0.7712954 0.78222305
vt 0.77168804 0.70668507
vt 0.7719573 0.86075336
vt 0.7732445 0.7836591
vt 0.7733427 0.7058915
vt 0.77459395 0.70531154
vt 0.77561665 0.8627151
vt 0.7774328 0.74268496
vt 0.77786046 0.7422938
vt 0.77814883 0.7420317
vt 0.7783438 0.74197024
vt 0.7783696 0.8641127
vt 0.7783861 0.8243823
vt 0.77838874 0.70365894
vt 0.77857065 0.7418994
vt 0.7788042 0.82467186
vt 0.779133 0.8248795
vt 0.77970374 0.8233805
vt 0.7798933 0.8252709
vt 0.7805734 0.74124265
vt 0.7810619 0.8223462
vt 0.78130215 0.82593364
vt 0.7815086 0.745777
vt 0.78217375 0.7406461
vt 0.7821827 0.7021235
vt 0.7822166 0.82146645
vt 0.7827983 0.8210232
vt 0.7831239 0.82678866
vt 0.784322 0.7397152
vt 0.78450775 0.82747376
vt 0.7848478 0.7483046
vt 0.7859757 0.7007054
vt 0.78635365 0.8284462
vt 0.7867265 0.8678395
vt 0.78707755 0.73841584
vt 0.7874502 0.75026786
vt 0.787824 0.7505492
vt 0.7882863 0.7378347
vt 0.7883014 0.7509085
vt 0.78855526 0.81658167
vt 0.78884846 0.82979584
vt 0.7890897 0.73746043
vt 0.7917622 0.8313623
vt 0.7920289 0.73618007
vt 0.7928901 0.7543321
vt 0.79352885 0.81262505
vt 0.79376143 0.83238304
vt 0.7943495 0.6979916
vt 0.7949587 0.7349938
vt 0.79518527 0.87096167
vt 0.7968661 0.7572329
vt 0.79771906 0.80915326
vt 0.79787916 0.73390156
vt 0.80022967 0.7596109
vt 0.8011258 0.8061664
vt 0.80115604 0.8356271
vt 0.80223525 0.80515933
vt 0.80262715 0.6958902
vt 0.8029806 0.7614661
vt 0.80374587 0.8734792
vt 0.8037959 0.80374694
vt 0.8038939 0.73194313
vt 0.80464345 0.80297935
vt 0.8054678 0.8022302
vt 0.80783576 0.7644485
vt 0.8086396 0.83822817
vt 0.80895436 0.6299593
vt 0.80895436 0.6652251
vt 0.80978346 0.7304262
vt 0.81080866 0.6944009
vt 0.8109205 0.6299567
vt 0.8109761 0.6652225
vt 0.81240827 0.875392
vt 0.8124224 0.76689017
vt 0.81257004 0.80448747
vt 0.81368494 0.6299492
vt 0.8137971 0.66521484
vt 0.81554765 0.7293508
vt 0.81621206 0.84018624
vt 0.81674045 0.7687911
vt 0.818894 0.69352394
vt 0.8197888 0.8060796
vt 0.8211726 0.87670016
vt 0.8211866 0.7287169
vt 0.82149214 0.66523594
vt 0.8220472 0.7705084
vt 0.82220286 0.6299773
vt 0.82387346 0.84150136
vt 0.8267002 0.72852457
vt 0.82688326 0.69325924
vt 0.82712406 0.8070066
vt 0.8274857 0.77157605
vt 0.82810205 0.6653516
vt 0.82963485 0.63011914
vt 0.83003867 0.8774037
vt 0.8316238 0.84217346
vt 0.83305585 0.7719941
vt 0.8335837 0.72891337
vt 0.83362687 0.665562
vt 0.8345759 0.8072685
vt 0.83598095 0.6303748
vt 0.83599687 0.69370615
vt 0.8373325 0.8775065
vt 0.83798856 0.8422133
vt 0.83806664 0.6658669
vt 0.8387577 0.7717625
vt 0.8399685 0.7300056
vt 0.8412411 0.6307443
vt 0.84214425 0.80686533
vt 0.84292233 0.6664299
vt 0.843541 0.7710558
vt 0.8443124 0.8417581
vt 0.8445851 0.8771566
vt 0.84470063 0.69495004
vt 0.8458546 0.7318014
vt 0.84763145 0.66722775
vt 0.84786975 0.7699034
vt 0.84801376 0.63153315
vt 0.8496852 0.8057924
vt 0.8505954 0.84080786
vt 0.85124207 0.7343007
vt 0.8517439 0.76830506
vt 0.8517965 0.8763542
vt 0.85219395 0.6682605
vt 0.8529945 0.69699097
vt 0.8546189 0.6326604
vt 0.85516346 0.7662609
vt 0.8554237 0.7371069
vt 0.8566099 0.66952825
vt 0.8567995 0.8040708
vt 0.8568376 0.8393627
vt 0.8580432 0.7638716
vt 0.8586242 0.7403406
vt 0.85896665 0.8750992
vt 0.8600423 0.76141906
vt 0.8608435 0.74400175
vt 0.8608785 0.6998289
vt 0.8610567 0.6341262
vt 0.8613461 0.75861967
vt 0.86208165 0.74809027
vt 0.8621846 0.75511897
vt 0.8624245 0.75167286
vt 0.86288404 0.83746934
vt 0.86348724 0.8017005
vt 0.8642735 0.672382
vt 0.8660956 0.87339157
vt 0.867327 0.6359303
vt 0.86835265 0.7034639
vt 0.86869174 0.8351444
vt 0.86974835 0.79868144
vt 0.8714974 0.67591465
vt 0.8730713 0.8712638
vt 0.8735827 0.70668364
vt 0.8742607 0.8323879
vt 0.87558293 0.7950137
vt 0.8765146 0.6392689
vt 0.87828153 0.68012595
vt 0.8783329 0.7102724
vt 0.8795909 0.82919973
vt 0.8798374 0.86873317
vt 0.88221365 0.78953743
vt 0.88260317 0.7142302
vt 0.8846259 0.68501616
vt 0.88526833 0.64328563
vt 0.8863936 0.718557
vt 0.8863938 0.8657997
vt 0.88647413 0.82416373
vt 0.8876729 0.78335774
vt 0.890102 0.72390896
vt 0.8905306 0.69058514
vt 0.89196074 0.7764747
vt 0.8925135 0.8185997
vt 0.8927406 0.8624634
vt 0.893077 0.7296091
vt 0.89358807 0.6479805
vt 0.8950771 0.7688884
vt 0.8953186 0.7356573
vt 0.89587766 0.6967362
vt 0.8968269 0.7420536
vt 0.89702207 0.7605988
vt 0.89745164 0.74673814
vt 0.8975492 0.7560107
vt 0.8976924 0.7513905
vt 0.89770925 0.81250775
vt 0.89887774 0.85872424
vt 0.90039605 0.70321333
vt 0.9014738 0.65335345
vt 0.90206116 0.8058877
vt 0.9040859 0.7100167
vt 0.9049281 0.8544829
vt 0.9055693 0.79873973
vt 0.906947 0.7171462
vt 0.90823376 0.79106367
vt 0.90892565 0.65940464
vt 0.90897954 0.72460186
vt 0.9092334 0.78682065
vt 0.9097927 0.72968924
vt 0.9099793 0.7820673
vt 0.910368 0.73617345
vt 0.91047156 0.77680373
vt 0.9106075 0.8499061
vt 0.91062784 0.77369714
vt 0.91070545 0.74405444
vt 0.91073567 0.76983035
vt 0.9107951 0.76520336
vt 0.91080093 0.75648
vt 0.91080195 0.7551676
vt 0.9108022 0.75787437
vt 0.910805 0.75333226
vt 0.910806 0.7598162
vt 0.91591597 0.84499365
vt 0.9159435 0.6661339
vt 0.92085356 0.8397457
vt 0.92265064 0.67373055
vt 0.92542017 0.83416224
vt 0.92851037 0.68169796
vt 0.92979574 0.8279573
vt 0.9335228 0.69003606
vt 0.9336587 0.8215035
vt 0.93700904 0.814801
vt 0.9376878 0.69874495
vt 0.93984675 0.80784965
vt 0.94100547 0.7078246
vt 0.9421718 0.8006495
vt 0.94340074 0.7957257
vt 0.9434758 0.7172749
vt 0.94429296 0.72162163
vt 0.94439185 0.7904985
vt 0.9449521 0.72622204
vt 0.945145 0.78496784
vt 0.94545305 0.73107624
vt 0.9456603 0.77913374
vt 0.9457959 0.7361841
vt 0.9458513 0.7754246
vt 0.9459244 0.73946875
vt 0.9459836 0.7709551
vt 0.94601303 0.7434331
vt 0.9460571 0.7657252
vt 0.94606185 0.74807715
vt 0.94606674 0.75648
vt 0.9460677 0.7552035
vt 0.946068 0.7578265
vt 0.94607073 0.7534009
vt 0.94607174 0.7597349
vn -0 -0 1
vn 0.0526 0.9986 -0
vn 0.6129 0.7902 -0
vn 0.9799 0.1995 -0
vn 1 -0 -0
vn 0.2534 0.9673 -0
vn 0.7275 0.6861 -0
vn 0.9942 0.1079 -0
vn -1 -0 -0
vn 0.8482 -0.5297 -0
vn 0.3658 -0.9307 -0
vn -0.9968 -0.0802 -0
vn -0.0687 -0.9976 -0
vn 0.429 -0.9033 -0
vn 0.894 -0.4481 -0
vn 0.9668 0.2555 -0
vn 0.5685 0.8227 -0
vn 0.2229 0.9748 -0
vn 0.202 0.9794 -0
vn 0.4177 0.9086 -0
vn 0.8646 0.5024 -0
vn -0.938 0.3467 -0
vn 0.9972 -0.0746 -0
vn 0.7456 -0.6664 -0
vn -0.9806 -0.1958 -0
vn 0.26 -0.9656 -0
vn 0.9799 -0.1995 -0
vn 0.6129 -0.7902 -0
vn 0.0526 -0.9986 -0
vn -0.1156 -0.9933 -0
vn -0.6039 -0.797 -0
vn -0.9512 -0.3086 -0
vn -0.4467 0.8947 -0
vn -0.9283 0.3719 -0
vn -0.479 0.8778 -0
vn -0.9203 0.3913 -0
vn 0.0757 0.9971 -0
vn 0.6169 0.787 -0
vn -0.7917 0.6109 -0
vn -0.66 -0.7512 -0
vn -0.2881 -0.9576 -0
vn -0.213 -0.977 -0
vn -0.0501 0.9987 -0
vn -0.3352 -0.9422 -0
vn 0.1679 0.9858 -0
vn 0.7546 0.6562 -0
vn 0.9981 0.0618 -0
vn 0.3629 0.9318 -0
vn -0.6208 -0.784 -0
vn 0.8085 0.5884 -0
vn 0.9971 -0.0767 -0
vn 0.7524 -0.6587 -0
vn 0.2205 -0.9754 -0
vn -0.405 -0.9143 -0
vn -0.5461 -0.8377 -0
vn -0.366 0.9306 -0
vn 0.0573 -0.9984 -0
vn -0.7793 -0.6266 -0
vn 0.5548 -0.832 -0
vn -0.2297 -0.9733 -0
vn 0.9005 0.4348 -0
vn 0.4633 0.8862 -0
vn -0.459 -0.8884 -0
vn 0.5309 0.8475 -0
vn 0.9367 0.3502 -0
vn 0.9731 -0.2302 -0
vn 0.6291 -0.7773 -0
vn 0.1495 -0.9888 -0
vn 0.9363 -0.3513 -0
vn -0.9981 -0.0613 -0
vn 0.452 -0.892 -0
vn -0.0528 -0.9986 -0
vn -0.6091 -0.7931 -0
vn -0.9791 -0.2035 -0
vn 0.519 0.8548 -0
vn -0.9941 -0.1081 -0
vn -0.4493 -0.8934 -0
vn -0.8522 0.5232 -0
vn -0.3344 0.9424 -0
vn 0.2479 0.9688 -0
vn 0.6264 0.7795 -0
vn 0.0821 0.9966 -0
vn -0.8418 0.5398 -0
vn -0.3905 0.9206 -0
vn -0.8964 0.4432 -0
vn -0.9656 -0.26 -0
vn -0.5416 -0.8406 -0
vn -0.2335 -0.9724 -0
vn -0.4389 -0.8985 -0
vn -0.9341 -0.357 -0
vn -0.7416 0.6709 -0
vn -0.242 0.9703 -0
vn -0.9807 0.1957 -0
vn -0.6111 0.7916 -0
vn -0.2443 -0.9697 -0
vn -0.1678 -0.9858 -0
vn 0.3011 0.9536 -0
vn 0.8613 0.508 -0
vn -0.9651 0.2618 -0
vn 0.4867 0.8736 -0
vn 0.8865 0.4627 -0
vn -0.0627 0.998 -0
vn 0.9725 -0.2329 -0
vn 0.0732 -0.9973 -0
vn -0.4 -0.9165 -0
vn 0.1773 -0.9842 -0
vn 0.68 -0.7332 -0
vn -0.9982 0.0603 -0
vn 0.9958 -0.0911 -0
vn 0.8017 0.5977 -0
vn -0.8722 -0.4892 -0
vn 0.3704 0.9289 -0
vn 0.2294 0.9733 -0
vn 0.6506 0.7594 -0
vn 0.9798 0.1997 -0
vn 0.9221 -0.387 -0
vn -0.6511 -0.759 -0
vn 0.5034 -0.8641 -0
vn 0.8613 -0.508 -0
vn 0.3011 -0.9536 -0
vn -0.7557 0.6549 -0
vn -0.9971 0.076 -0
vn -0.998 -0.0632 -0
vn -0.4404 -0.8978 -0
vn -0.3301 -0.9439 -0
vn -0.7975 -0.6033 -0
vn -0.9976 0.0695 -0
vn -0.7496 0.6619 -0
vn -0.1946 0.9809 -0
vn 0.4128 0.9108 -0
vn -0.0468 0.9989 -0
vn -0.5236 0.852 -0
vn -0.1621 0.9868 -0
vn -0.8936 -0.4489 -0
vn -0.6612 0.7502 -0
vn -0.2646 0.9643 -0
vn 0.452 0.892 -0
vn 0.9363 0.3513 -0
vn 0.155 0.9879 -0
vn 0.625 0.7806 -0
vn -0.5521 -0.8337 -0
vn 0.953 0.3029 -0
vn 0.9225 -0.386 -0
vn 0.5059 -0.8626 -0
vn -0.0768 -0.997 -0
vn -0.2168 -0.9762 -0
vn 0.3021 -0.9533 -0
vn 0.7975 -0.6033 -0
vn 0.9967 0.0806 -0
vn 0.6847 0.7289 -0
vn 0.2906 0.9568 -0
vn 0.3166 0.9486 -0
vn -0.9398 -0.3416 -0
vn 0.7662 0.6426 -0
vn -0.7852 -0.6192 -0
vn 0.8447 -0.5353 -0
vn 0.3787 -0.9255 -0
vn 0.9981 -0.0618 -0
vn -0.7138 -0.7004 -0
vn 0.7546 -0.6562 -0
vn 0.1679 -0.9858 -0
vn -0.2999 -0.954 -0
vn -0.8578 -0.514 -0
vn -0.9723 0.2337 -0
vn -0.8802 -0.4745 -0
vn -0.976 0.2177 -0
vn -0.6221 0.7829 -0
vn 0.6369 -0.7709 -0
vn 0.2427 0.9701 -0
vn 0.5369 0.8437 -0
vn 0.3904 0.9207 -0
vn -0.1497 0.9887 -0
vn -0.7505 -0.6609 -0
vn -0.9965 0.0836 -0
vn -0.3563 -0.9344 -0
vn -0.2435 -0.9699 -0
vn -0.6234 0.7819 -0
vn -0.6689 -0.7433 -0
vn 0.9617 -0.2741 -0
vn -0.4948 0.869 -0
vn -0.8634 0.5045 -0
vn -0.2943 0.9557 -0
vn -0.1253 0.9921 -0
vn -0.533 -0.8461 -0
vn 0.2535 0.9673 -0
vn 0.953 0.303 -0
vn 0.9981 0.0621 -0
vn 0 0 -1
vn 0 -0.70710677 -0.70710677
vn 0 -1 0
vn 0.000006829616 0.70710677 -0.70710677
vn 0.000009658535 1 0
vn 0.0004523781 -0.70710665 -0.70710677
vn 0.00063975924 -0.9999998 0
vn 0.0014175652 -0.70710534 -0.70710677
vn 0.0020047398 -0.999998 0
vn 0.007158399 0.7070705 -0.70710677
vn 0.0076196217 0.7070657 -0.70710677
vn 0.010123505 0.99994874 0
vn 0.010775772 0.99994195 0
vn 0.015280165 0.70694166 -0.70710677
vn 0.017819934 -0.7068822 -0.70710677
vn 0.019639246 0.706834 -0.70710677
vn 0.019685984 0.7068327 -0.70710677
vn 0.021609416 0.99976647 0
vn 0.021994554 -0.70676464 -0.70710677
vn 0.023191651 -0.7067264 -0.70710677
vn 0.02520119 -0.9996824 0
vn 0.02777409 0.99961424 0
vn 0.027840184 0.9996124 0
vn 0.028441729 0.70653456 -0.70710677
vn 0.031104997 -0.9995161 0
vn 0.032797948 -0.999462 0
vn 0.03296449 0.706338 -0.70710677
vn 0.035633247 -0.70620835 -0.70710677
vn 0.037680116 0.70610213 -0.70710677
vn 0.03833969 -0.7060666 -0.70710677
vn 0.04022268 0.99919075 0
vn 0.041879576 0.7058655 -0.70710677
vn 0.046618827 0.99891275 0
vn 0.04986622 -0.7053463 -0.70710677
vn 0.050393023 -0.99872947 0
vn 0.05328773 0.9985792 0
vn 0.05422051 -0.99852896 0
vn 0.05680553 0.70482135 -0.70710677
vn 0.059226662 0.9982446 0
vn 0.061163872 0.7044565 -0.70710677
vn 0.06495928 0.7041167 -0.70710677
vn 0.066111825 -0.7040094 -0.70710677
vn 0.07052149 -0.99751025 0
vn 0.072186016 0.70341253 -0.70710677
vn 0.07655055 0.70295095 -0.70710677
vn 0.0783119 -0.7027569 -0.70710677
vn 0.07968114 0.702603 -0.70710677
vn 0.08020608 0.7025432 -0.70710677
vn 0.08033515 0.99676794 0
vn 0.08649878 0.99625194 0
vn 0.09139467 -0.70117545 -0.70710677
vn 0.0918663 0.99577135 0
vn 0.09349624 -0.99561965 0
vn 0.09537436 -0.7006452 -0.70710677
vn 0.09981084 0.700027 -0.70710677
vn 0.10150438 -0.69978344 -0.70710677
vn 0.10208644 0.99477553 0
vn 0.10452632 0.69933844 -0.70710677
vn 0.10825883 0.99412274 0
vn 0.11074975 -0.9938483 0
vn 0.11268616 0.99363065 0
vn 0.113428526 0.9935462 0
vn 0.117275305 -0.6973138 -0.70710677
vn 0.120603144 0.69674593 -0.70710677
vn 0.12187541 0.6965245 -0.70710677
vn 0.12707178 0.69559526 -0.70710677
vn 0.1285049 0.69533193 -0.70710677
vn 0.12925158 -0.99161184 0
vn 0.12953079 0.69514155 -0.70710677
vn 0.13271391 -0.69454086 -0.70710677
vn 0.13487971 -0.99086195 0
vn 0.13717058 0.69367445 -0.70710677
vn 0.13795392 -0.69351906 -0.70710677
vn 0.14115384 0.9899877 0
vn 0.14285952 -0.6925252 -0.70710677
vn 0.14354888 -0.9896432 0
vn 0.14715573 -0.69162506 -0.70710677
vn 0.14782254 0.9890139 0
vn 0.15040198 -0.6909264 -0.70710677
vn 0.15117896 -0.6907568 -0.70710677
vn 0.16311406 0.6880362 -0.70710677
vn 0.16425578 0.6877645 -0.70710677
vn 0.16585232 -0.9861506 0
vn 0.1705586 0.9853475 0
vn 0.17235786 0.9850344 0
vn 0.17568824 0.6849333 -0.70710677
vn 0.17608774 0.6848307 -0.70710677
vn 0.17899995 0.6840753 -0.70710677
vn 0.17970665 0.98372024 0
vn 0.18167089 0.6833708 -0.70710677
vn 0.18173337 0.98334783 0
vn 0.1831842 0.9830786 0
vn 0.18342617 0.6829018 -0.70710677
vn 0.18552892 -0.6823335 -0.70710677
vn 0.18640746 0.68209404 -0.70710677
vn 0.18768583 -0.9822291 0
vn 0.18982269 -0.6811515 -0.70710677
vn 0.1939885 0.9810038 0
vn 0.1950963 -0.9807841 0
vn 0.19609973 -0.67937094 -0.70710677
vn 0.20066535 -0.67803645 -0.70710677
vn 0.20203388 -0.9793785 0
vn 0.20334874 -0.6772365 -0.70710677
vn 0.20810965 -0.9781055 0
vn 0.21270052 -0.9771174 0
vn 0.21379934 -0.97687757 0
vn 0.2141789 0.67388976 -0.70710677
vn 0.21553019 -0.6734588 -0.70710677
vn 0.22110175 0.67165023 -0.70710677
vn 0.22222972 0.6712779 -0.70710677
vn 0.22230116 0.6712542 -0.70710677
vn 0.22306831 -0.67099965 -0.70710677
vn 0.22450894 -0.670519 -0.70710677
vn 0.22628333 -0.6699223 -0.70710677
vn 0.2302975 0.66855294 -0.70710677
vn 0.2306781 0.9730301 0
vn 0.23229274 0.97264594 0
vn 0.23287071 -0.667661 -0.70710677
vn 0.23722218 -0.6661273 -0.70710677
vn 0.23765811 0.66597193 -0.70710677
vn 0.24009304 0.665098 -0.70710677
vn 0.24846068 0.968642 0
vn 0.24847189 -0.6620134 -0.70710677
vn 0.24902566 0.96849686 0
vn 0.25255752 0.66046554 -0.70710677
vn 0.25313535 -0.6602443 -0.70710677
vn 0.25314415 0.96742857 0
vn 0.25316012 -0.66023475 -0.70710677
vn 0.25647026 -0.658956 -0.70710677
vn 0.25692144 0.9664323 0
vn 0.25777334 -0.6584473 -0.70710677
vn 0.2594038 0.96576893 0
vn 0.26237753 -0.9649653 0
vn 0.26361996 0.9646266 0
vn 0.2652816 -0.6554584 -0.70710677
vn 0.2665698 0.65493554 -0.70710677
vn 0.2684498 -0.9632937 0
vn 0.27059987 -0.65328074 -0.70710677
vn 0.27382153 -0.65193695 -0.70710677
vn 0.27732688 -0.9607756 0
vn 0.2790328 0.64972353 -0.70710677
vn 0.28008413 0.649271 -0.70710677
vn 0.2805325 0.6490774 -0.70710677
vn 0.28328195 0.64788216 -0.70710677
vn 0.28378364 -0.95888835 0
vn 0.2863746 -0.64652115 -0.70710677
vn 0.28757855 -0.95775706 0
vn 0.28846124 -0.64559287 -0.70710677
vn 0.28987065 -0.64496124 -0.70710677
vn 0.29506406 -0.6426019 -0.70710677
vn 0.29672164 0.6418382 -0.70710677
vn 0.301578 -0.6395707 -0.70710677
vn 0.30274752 0.63901794 -0.70710677
vn 0.3028947 0.953024 0
vn 0.30413842 0.6383571 -0.70710677
vn 0.30435994 -0.63825154 -0.70710677
vn 0.30472654 0.6380766 -0.70710677
vn 0.3048057 -0.9524146 0
vn 0.30486074 -0.63801247 -0.70710677
vn 0.30539325 -0.6377578 -0.70710677
vn 0.3126851 0.9498568 0
vn 0.31428027 0.9493303 0
vn 0.3143813 0.9492968 0
vn 0.31546623 -0.9489368 0
vn 0.3171049 -0.6320162 -0.70710677
vn 0.3175036 -0.9482571 0
vn 0.31885222 -0.6311365 -0.70710677
vn 0.32001296 -0.94741315 0
vn 0.32034448 0.6303804 -0.70710677
vn 0.320942 0.63007635 -0.70710677
vn 0.3215907 0.62974554 -0.70710677
vn 0.32568985 0.94547665 0
vn 0.32711267 0.62689495 -0.70710677
vn 0.32756528 0.6266586 -0.70710677
vn 0.32932892 -0.94421524 0
vn 0.33333948 -0.62360626 -0.70710677
vn 0.33339438 0.62357694 -0.70710677
vn 0.33540362 0.6224985 -0.70710677
vn 0.33548284 -0.94204634 0
vn 0.33609933 0.9418265 0
vn 0.33859208 -0.62077 -0.70710677
vn 0.3386109 0.6207597 -0.70710677
vn 0.33954284 0.9405906 0
vn 0.34221792 0.6187785 -0.70710677
vn 0.34676382 -0.6162425 -0.70710677
vn 0.3468622 0.61618716 -0.70710677
vn 0.3473969 -0.61588585 -0.70710677
vn 0.34829074 0.6153808 -0.70710677
vn 0.3511344 0.6137627 -0.70710677
vn 0.3513923 -0.93622833 0
vn 0.35628918 -0.61078477 -0.70710677
vn 0.35717025 0.9340393 0
vn 0.35798746 -0.9337264 0
vn 0.35802248 -0.93371296 0
vn 0.3584182 0.60953784 -0.70710677
vn 0.3627037 -0.9319045 0
vn 0.36454654 -0.9311852 0
vn 0.3684625 0.60351914 -0.70710677
vn 0.3686758 -0.6033889 -0.70710677
vn 0.3725098 0.60102946 -0.70710677
vn 0.37516484 -0.92695814 0
vn 0.37698662 0.9262187 0
vn 0.37748706 0.59791595 -0.70710677
vn 0.38268602 -0.92387843 0
vn 0.38366205 -0.59397256 -0.70710677
vn 0.3866675 -0.5920205 -0.70710677
vn 0.3872421 -0.92197806 0
vn 0.3906669 -0.58938897 -0.70710677
vn 0.39284676 -0.58793825 -0.70710677
vn 0.39461195 0.91884786 0
vn 0.3950387 -0.58646774 -0.70710677
vn 0.3960988 0.9182079 0
vn 0.3963395 0.58558947 -0.70710677
vn 0.39673287 0.9179341 0
vn 0.39776325 -0.5846233 -0.70710677
vn 0.39914957 0.58367765 -0.70710677
vn 0.4006212 0.9162438 0
vn 0.40282136 0.5811497 -0.70710677
vn 0.40291134 0.5810873 -0.70710677
vn 0.40499488 -0.914319 0
vn 0.40532115 -0.57940894 -0.70710677
vn 0.40781805 -0.57765424 -0.70710677
vn 0.40794578 -0.9130061 0
vn 0.40836915 -0.5772648 -0.70710677
vn 0.409939 -0.91211295 0
vn 0.41402575 -0.5732213 -0.70710677
vn 0.41573262 0.5719846 -0.70710677
vn 0.4172836 -0.90877634 0
vn 0.4194288 0.5692798 -0.70710677
vn 0.41962776 0.9076963 0
vn 0.41971913 -0.56906575 -0.70710677
vn 0.42009693 -0.5687869 -0.70710677
vn 0.4206959 0.56834406 -0.70710677
vn 0.42309713 0.5665588 -0.70710677
vn 0.42374384 0.5660752 -0.70710677
vn 0.42389163 -0.5659646 -0.70710677
vn 0.42475078 0.5653201 -0.70710677
vn 0.4252412 0.56495124 -0.70710677
vn 0.42553207 0.5647322 -0.70710677
vn 0.4263174 0.5641396 -0.70710677
vn 0.4264957 -0.9044896 0
vn 0.42655236 -0.563962 -0.70710677
vn 0.42697418 0.5636427 -0.70710677
vn 0.4270807 0.563562 -0.70710677
vn 0.4271889 0.56347996 -0.70710677
vn 0.42739075 0.56332684 -0.70710677
vn 0.42812183 -0.56277144 -0.70710677
vn 0.42814967 0.90370786 0
vn 0.42852038 -0.56246805 -0.70710677
vn 0.42855123 -0.5624445 -0.70710677
vn 0.42984897 -0.56145334 -0.70710677
vn 0.4301167 0.9027733 0
vn 0.43042997 -0.90262395 0
vn 0.4309484 0.90237653 0
vn 0.43113822 -0.9022859 0
vn 0.43189126 -0.9019257 0
vn 0.4344173 -0.5579262 -0.70710677
vn 0.43902346 0.55430895 -0.70710677
vn 0.43926114 0.5541206 -0.70710677
vn 0.44070876 0.55297 -0.70710677
vn 0.44087258 0.5528394 -0.70710677
vn 0.44186065 -0.55205 -0.70710677
vn 0.442232 0.5517525 -0.70710677
vn 0.44237867 0.55163497 -0.70710677
vn 0.4428723 -0.5512387 -0.70710677
vn 0.44329137 0.5509018 -0.70710677
vn 0.44362402 0.55063397 -0.70710677
vn 0.44428948 -0.5500971 -0.70710677
vn 0.4451273 0.5494194 -0.70710677
vn 0.44532588 0.5492585 -0.70710677
vn 0.44580352 0.54887086 -0.70710677
vn 0.4460609 -0.5486617 -0.70710677
vn 0.4461226 0.5486116 -0.70710677
vn 0.44713756 0.5477846 -0.70710677
vn 0.44845408 -0.89380586 0
vn 0.44870153 0.5465043 -0.70710677
vn 0.44902077 0.546242 -0.70710677
vn 0.44903368 -0.54623145 -0.70710677
vn 0.45053968 0.54498994 -0.70710677
vn 0.45092514 -0.8925618 0
vn 0.45282748 0.54309046 -0.70710677
vn 0.4530355 0.8914925 0
vn 0.4535165 0.5425152 -0.70710677
vn 0.45388055 0.89106256 0
vn 0.4544199 0.5417588 -0.70710677
vn 0.45479795 0.89059466 0
vn 0.45509142 0.5411948 -0.70710677
vn 0.45742053 0.53922766 -0.70710677
vn 0.45800057 -0.5387351 -0.70710677
vn 0.45898822 0.5378939 -0.70710677
vn 0.4626072 0.88656336 0
vn 0.46324724 0.8862291 0
vn 0.46342033 -0.53408015 -0.70710677
vn 0.46431804 -0.53329986 -0.70710677
vn 0.46628672 0.53157943 -0.70710677
vn 0.47085837 -0.52753425 -0.70710677
vn 0.4714132 -0.88191247 0
vn 0.47149086 0.8818709 0
vn 0.47433236 0.8803458 0
vn 0.47716805 -0.5218339 -0.70710677
vn 0.47755066 -0.52148384 -0.70710677
vn 0.47884154 -0.8779014 0
vn 0.47886813 0.87788683 0
vn 0.4790355 -0.5201202 -0.70710677
vn 0.4805956 -0.51867896 -0.70710677
vn 0.48396924 0.875085 0
vn 0.49039808 -0.8714985 0
vn 0.4905372 0.87142026 0
vn 0.49129343 -0.87099415 0
vn 0.49255747 0.8702799 0
vn 0.496579 0.8679915 0
vn 0.49674797 0.503231 -0.70710677
vn 0.49999937 -0.5000006 -0.70710677
vn 0.50217444 -0.4978161 -0.70710677
vn 0.503869 -0.8637801 0
vn 0.50687987 0.86201674 0
vn 0.5094804 -0.49033636 -0.70710677
vn 0.51003665 0.48975772 -0.70710677
vn 0.5202105 -0.47893742 -0.70710677
vn 0.52108467 0.853505 0
vn 0.5213863 -0.8533208 0
vn 0.52680844 0.84998405 0
vn 0.53305227 0.4646023 -0.70710677
vn 0.53384733 0.8455809 0
vn 0.53461254 0.46280605 -0.70710677
vn 0.54258007 -0.8400041 0
vn 0.5468304 -0.8372434 0
vn 0.5524864 -0.8335219 0
vn 0.55556923 -0.8314703 0
vn 0.55748236 0.43498668 -0.70710677
vn 0.55758977 0.43484902 -0.70710677
vn 0.5586691 -0.82939065 0
vn 0.56050867 0.82814854 0
vn 0.5625222 -0.82678217 0
vn 0.56448275 0.8254449 0
vn 0.565535 -0.42446455 -0.70710677
vn 0.5662615 0.42349496 -0.70710677
vn 0.56967545 0.8218698 0
vn 0.56980264 0.8217816 0
vn 0.5730225 -0.4143009 -0.70710677
vn 0.5732107 -0.819408 0
vn 0.5767418 -0.8169265 0
vn 0.5775212 -0.8163757 0
vn 0.5855208 -0.8106574 0
vn 0.58793473 0.8089084 0
vn 0.5879383 -0.39284667 -0.70710677
vn 0.5931619 0.8050832 0
vn 0.5935725 -0.80478054 0
vn 0.5941068 -0.8043862 0
vn 0.59495384 0.8037599 0
vn 0.59569556 0.3809814 -0.70710677
vn 0.5970892 0.3787935 -0.70710677
vn 0.5983497 0.8012351 0
vn 0.59914565 -0.37553224 -0.70710677
vn 0.5992643 0.80055124 0
vn 0.5994733 -0.8003948 0
vn 0.60068834 0.7994833 0
vn 0.6013819 0.7989617 0
vn 0.60170406 0.37141916 -0.70710677
vn 0.6017932 0.79865193 0
vn 0.60290384 0.79781383 0
vn 0.60323614 -0.79756266 0
vn 0.60383266 0.7971111 0
vn 0.6039833 0.79699695 0
vn 0.60413635 0.79688096 0
vn 0.6044218 0.7966645 0
vn 0.6054557 -0.795879 0
vn 0.6060193 -0.7954499 0
vn 0.60606295 -0.79541665 0
vn 0.60789824 -0.79401493 0
vn 0.6140255 -0.35067466 -0.70710677
vn 0.61435884 -0.78902674 0
vn 0.6189367 -0.34193173 -0.70710677
vn 0.6208729 0.7839112 0
vn 0.6212091 0.78364486 0
vn 0.62325627 0.78201765 0
vn 0.62348795 0.78183293 0
vn 0.6248853 -0.78071654 0
vn 0.6253826 0.32999483 -0.70710677
vn 0.6254105 0.7802959 0
vn 0.6256179 0.7801296 0
vn 0.626316 -0.77956927 0
vn 0.62690866 0.7790927 0
vn 0.62737906 0.778714 0
vn 0.6283202 -0.7779548 0
vn 0.6295051 0.7769964 0
vn 0.6297859 0.77676874 0
vn 0.6304614 0.7762206 0
vn 0.63082534 -0.77592486 0
vn 0.6309126 0.77585393 0
vn 0.632348 0.7746844 0
vn 0.63455975 0.77287376 0
vn 0.63501126 0.77250284 0
vn 0.6350295 -0.7724879 0
vn 0.6371593 0.7707321 0
vn 0.6399688 0.30073225 -0.70710677
vn 0.6403948 0.7680459 0
vn 0.6413692 0.7672324 0
vn 0.6426468 0.7661626 0
vn 0.64285624 0.2945095 -0.70710677
vn 0.6435965 0.765365 0
vn 0.64579594 0.2880063 -0.70710677
vn 0.64689034 0.7625831 0
vn 0.6477106 -0.7618864 0
vn 0.6491074 0.76069677 0
vn 0.65017885 0.27797022 -0.70710677
vn 0.65260875 -0.2722164 -0.70710677
vn 0.65328145 -0.2705982 -0.70710677
vn 0.654441 -0.26778156 -0.70710677
vn 0.65537536 -0.7553034 0
vn 0.6566449 -0.7541999 0
vn 0.659429 0.75176686 0
vn 0.66589427 -0.7460461 0
vn 0.66768634 -0.23279814 -0.70710677
vn 0.6703401 0.22504257 -0.70710677
vn 0.67081046 0.22363655 -0.70710677
vn 0.6744754 0.21232748 -0.70710677
vn 0.67481756 -0.7379846 0
vn 0.6753586 -0.73748946 0
vn 0.67745847 -0.735561 0
vn 0.677992 -0.20081541 -0.70710677
vn 0.67903286 -0.19726723 -0.70710677
vn 0.6796648 -0.73352283 0
vn 0.68587905 0.17195912 -0.70710677
vn 0.6912275 0.14901188 -0.70710677
vn 0.6924656 -0.14314826 -0.70710677
vn 0.69351983 -0.13795015 -0.70710677
vn 0.69374216 0.13682768 -0.70710677
vn 0.6939093 -0.13597754 -0.70710677
vn 0.69454795 0.13267691 -0.70710677
vn 0.695147 0.12950172 -0.70710677
vn 0.6989219 -0.107275955 -0.70710677
vn 0.70072764 0.0947671 -0.70710677
vn 0.7016379 -0.08777379 -0.70710677
vn 0.7017212 0.087105624 -0.70710677
vn 0.70173544 -0.08699047 -0.70710677
vn 0.70250773 0.7116761 0
vn 0.7042089 0.063951775 -0.70710677
vn 0.70505756 0.0537941 -0.70710677
vn 0.70528686 -0.050699145 -0.70710677
vn 0.705584 0.04638174 -0.70710677
vn 0.7060588 0.038482968 -0.70710677
vn 0.7062715 -0.034358338 -0.70710677
vn 0.70656693 -0.027625749 -0.70710677
vn 0.70678115 -0.021456925 -0.70710677
vn 0.7067943 0.021018049 -0.70710677
vn 0.7068537 0.018918347 -0.70710677
vn 0.7069602 -0.0143956505 -0.70710677
vn 0.70703703 0.009930597 -0.70710677
vn 0.70704746 0.009159613 -0.70710677
vn 0.7070873 -0.005255506 -0.70710677
vn 0.7070995 0.003203265 -0.70710677
vn 0.70710135 -0.0027688232 -0.70710677
vn 0.7071018 -0.0026447715 -0.70710677
vn 0.70710427 0.0018963325 -0.70710677
vn 0.7071059 -0.70710766 0
vn 0.70710605 0.001021085 -0.70710677
vn 0.70710623 -0.0008641421 -0.70710677
vn 0.70710623 -0.0008922283 -0.70710677
vn 0.70710677 0.000048986825 -0.70710677
vn 0.70710677 -0.000020189513 -0.70710677
vn 0.7101819 -0.70401824 0
vn 0.72051406 -0.6934403 0
vn 0.7213007 0.692622 0
vn 0.7356887 -0.6773198 0
vn 0.75384974 0.65704685 0
vn 0.7560563 0.65450656 0
vn 0.7883991 0.6151641 0
vn 0.788551 0.6149694 0
vn 0.7997873 -0.60028356 0
vn 0.8008146 0.5989123 0
vn 0.81037617 -0.5859099 0
vn 0.8314704 -0.5555691 0
vn 0.8424407 0.53878903 0
vn 0.8444116 0.5356949 0
vn 0.84731996 -0.5310828 0
vn 0.8509381 0.525266 0
vn 0.86836314 -0.49592885 0
vn 0.87530875 -0.4835645 0
vn 0.88442457 0.46668318 0
vn 0.9050526 0.42529964 0
vn 0.909136 0.41649932 0
vn 0.91329336 0.4073024 0
vn 0.91949177 0.39310926 0
vn 0.9229282 -0.38497216 0
vn 0.92387944 -0.38268363 0
vn 0.92551935 -0.3787003 0
vn 0.94425106 -0.3292263 0
vn 0.94800407 0.31825826 0
vn 0.94866925 0.31626984 0
vn 0.95385224 0.3002764 0
vn 0.9588255 -0.28399587 0
vn 0.96029747 -0.278978 0
vn 0.96997947 0.2431869 0
vn 0.9775433 0.21073464 0
vn 0.97929424 -0.2024422 0
vn 0.98078513 -0.19509098 0
vn 0.98109955 0.19350356 0
vn 0.98133594 -0.19230129 0
vn 0.9822391 0.1876335 0
vn 0.9830863 0.18314308 0
vn 0.9884249 -0.1517111 0
vn 0.9909785 0.13402092 0
vn 0.9922659 -0.12413089 0
vn 0.9923836 0.123185955 0
vn 0.9924038 -0.12302309 0
vn 0.99590176 0.09044147 0
vn 0.997102 0.07607635 0
vn 0.9974263 -0.07169942 0
vn 0.9978464 0.06559369 0
vn 0.998518 0.054423135 0
vn 0.9988188 -0.048590027 0
vn 0.9992365 -0.03906871 0
vn 0.9995395 -0.030344674 0
vn 0.99955815 0.02972401 0
vn 0.999642 0.026754582 0
vn 0.99979275 -0.020358523 0
vn 0.99990135 0.014043984 0
vn 0.9999161 0.01295365 0
vn 0.9999724 -0.0074324072 0
vn 0.99998975 0.0045301006 0
vn 0.9999923 -0.003915707 0
vn 0.999993 -0.0037402718 0
vn 0.9999964 0.0026818193 0
vn 0.999999 0.0014440322 0
vn 0.9999992 -0.0012220815 0
vn 0.9999992 -0.0012618013 0
vn 1 0.000069277834 0
vn 1 -0.000028552284 0
vn -0.00020042277 -0.70710677 -0.70710677
vn -0.0002834406 -0.99999994 0
vn -0.00044785676 0.70710665 -0.70710677
vn -0.00063336507 0.9999998 0
vn -0.001410742 0.7071054 -0.70710677
vn -0.0019950906 0.99999803 0
vn -0.005612532 -0.7070845 -0.70710677
vn -0.006397539 0.70707786 -0.70710677
vn -0.007913797 -0.7070625 -0.70710677
vn -0.007937319 -0.9999685 0
vn -0.009047486 0.99995905 0
vn -0.011191799 -0.99993736 0
vn -0.01205704 0.70700395 -0.70710677
vn -0.012129145 -0.70700276 -0.70710677
vn -0.01705123 0.9998546 0
vn -0.017153202 -0.9998529 0
vn -0.017547306 -0.70688903 -0.70710677
vn -0.018823536 -0.7068562 -0.70710677
vn -0.019033542 0.7068506 -0.70710677
vn -0.020981159 -0.70679545 -0.70710677
vn -0.022209726 0.7067579 -0.70710677
vn -0.024815638 -0.999692 0
vn -0.0266205 -0.9996456 0
vn -0.026917493 0.99963766 0
vn -0.029671839 -0.9995597 0
vn -0.031409297 0.9995066 0
vn -0.032546684 0.70635736 -0.70710677
vn -0.03278375 -0.7063464 -0.70710677
vn -0.039007645 -0.70603 -0.70710677
vn -0.046027962 0.99894017 0
vn -0.046363223 -0.9989247 0
vn -0.051856484 0.70520276 -0.70710677
vn -0.05516514 -0.9984772 0
vn -0.05615966 0.7048731 -0.70710677
vn -0.06569253 -0.70404863 -0.70710677
vn -0.06626131 -0.70399535 -0.70710677
vn -0.066731945 0.7039509 -0.70710677
vn -0.06740803 -0.70388645 -0.70710677
vn -0.06867799 0.70376366 -0.70710677
vn -0.07065732 -0.70356774 -0.70710677
vn -0.07333614 0.9973073 0
vn -0.07338777 -0.70328814 -0.70710677
vn -0.07685301 -0.70291793 -0.70710677
vn -0.07942175 0.99684113 0
vn -0.08619759 0.7018333 -0.70710677
vn -0.089028694 0.7014798 -0.70710677
vn -0.090440705 -0.70129913 -0.70710677
vn -0.09290327 -0.99567515 0
vn -0.093707636 -0.99559975 0
vn -0.094373226 0.99553686 0
vn -0.09473559 -0.7007319 -0.70710677
vn -0.09532935 -0.9954458 0
vn -0.09712535 0.99527216 0
vn -0.09992454 -0.994995 0
vn -0.100104846 0.699985 -0.70710677
vn -0.10041952 -0.69993997 -0.70710677
vn -0.103785984 -0.99459964 0
vn -0.104403295 0.6993568 -0.70710677
vn -0.10868657 -0.9940761 0
vn -0.11400498 0.6978559 -0.70710677
vn -0.1219018 0.99254215 0
vn -0.12590559 0.99204224 0
vn -0.12672773 -0.695658 -0.70710677
vn -0.12790248 -0.9917868 0
vn -0.1319369 -0.6946889 -0.70710677
vn -0.13311264 0.69446456 -0.70710677
vn -0.13397636 -0.9909845 0
vn -0.13466704 -0.6941648 -0.70710677
vn -0.13774307 -0.693561 -0.70710677
vn -0.13801979 -0.693506 -0.70710677
vn -0.14156963 0.9899283 0
vn -0.14201465 -0.9898645 0
vn -0.14338376 0.69241685 -0.70710677
vn -0.14764856 0.9890399 0
vn -0.14845313 -0.6913477 -0.70710677
vn -0.14854166 0.6913287 -0.70710677
vn -0.15311393 0.69033045 -0.70710677
vn -0.15437551 0.6900494 -0.70710677
vn -0.16022612 0.68871444 -0.70710677
vn -0.16053489 -0.68864256 -0.70710677
vn -0.16122739 0.98691726 0
vn -0.17632039 -0.6847708 -0.70710677
vn -0.17727889 -0.68452334 -0.70710677
vn -0.17781816 0.68438345 -0.70710677
vn -0.17922007 -0.983809 0
vn -0.18241434 -0.68317276 -0.70710677
vn -0.18559568 0.68231535 -0.70710677
vn -0.18658695 -0.98243845 0
vn -0.18824969 0.9821212 0
vn -0.19044796 -0.9816973 0
vn -0.19479811 -0.98084337 0
vn -0.19518946 -0.9807656 0
vn -0.19645765 -0.6792675 -0.70710677
vn -0.19774564 0.6788937 -0.70710677
vn -0.20000227 -0.6782323 -0.70710677
vn -0.20153554 0.6777783 -0.70710677
vn -0.20277524 0.9792253 0
vn -0.2045035 -0.6768887 -0.70710677
vn -0.20475394 -0.676813 -0.70710677
vn -0.20487827 0.67677534 -0.70710677
vn -0.20488058 0.6767747 -0.70710677
vn -0.20994444 -0.97771335 0
vn -0.21006963 0.9776864 0
vn -0.2117548 0.6746554 -0.70710677
vn -0.21565092 0.67342013 -0.70710677
vn -0.2165358 0.97627467 0
vn -0.21831994 0.9758772 0
vn -0.21863876 -0.672456 -0.70710677
vn -0.22659396 0.9739893 0
vn -0.22703062 -0.9738876 0
vn -0.2271153 0.66964066 -0.70710677
vn -0.2333669 0.66748774 -0.70710677
vn -0.23369242 0.66737384 -0.70710677
vn -0.23378403 0.66734177 -0.70710677
vn -0.23401281 -0.6672616 -0.70710677
vn -0.23857258 -0.6656449 -0.70710677
vn -0.24652037 0.66274256 -0.70710677
vn -0.24935469 -0.9684122 0
vn -0.25071022 -0.96806216 0
vn -0.25147286 0.96786433 0
vn -0.25162902 -0.6608198 -0.70710677
vn -0.25656253 0.65892005 -0.70710677
vn -0.25656843 0.6589178 -0.70710677
vn -0.25797284 -0.9661522 0
vn -0.25831157 -0.6582364 -0.70710677
vn -0.25924447 -0.6578695 -0.70710677
vn -0.26071128 -0.6572896 -0.70710677
vn -0.2624719 0.96493965 0
vn -0.26414818 0.655916 -0.70710677
vn -0.26838058 0.6541956 -0.70710677
vn -0.2684215 -0.6541788 -0.70710677
vn -0.269799 -0.6536119 -0.70710677
vn -0.27207014 0.6526698 -0.70710677
vn -0.27391073 0.65189946 -0.70710677
vn -0.27476946 -0.65153795 -0.70710677
vn -0.27783307 -0.96062934 0
vn -0.27965456 0.9601007 0
vn -0.28112182 -0.6488224 -0.70710677
vn -0.2828459 -0.95916533 0
vn -0.2837249 0.6476883 -0.70710677
vn -0.2850143 0.9585233 0
vn -0.28921163 -0.9572652 0
vn -0.2895658 -0.9571581 0
vn -0.28974164 0.9571049 0
vn -0.28974488 0.9571039 0
vn -0.2905218 0.6446682 -0.70710677
vn -0.29140338 0.6442702 -0.70710677
vn -0.29721585 -0.6416095 -0.70710677
vn -0.29946652 0.9541068 0
vn -0.30069843 -0.6399847 -0.70710677
vn -0.30249828 0.63913596 -0.70710677
vn -0.30262318 0.6390768 -0.70710677
vn -0.3029391 -0.63892716 -0.70710677
vn -0.30399123 0.63842726 -0.70710677
vn -0.30497646 0.9523599 0
vn -0.30710337 -0.63693607 -0.70710677
vn -0.30880085 -0.6361148 -0.70710677
vn -0.3090556 0.63599104 -0.70710677
vn -0.3092019 -0.9509964 0
vn -0.3123574 -0.634376 -0.70710677
vn -0.31623438 -0.6324522 -0.70710677
vn -0.31652525 0.6323067 -0.70710677
vn -0.31843275 -0.63134825 -0.70710677
vn -0.319748 -0.6306831 -0.70710677
vn -0.32039845 -0.6303529 -0.70710677
vn -0.3205092 0.63029665 -0.70710677
vn -0.32118955 0.9470149 0
vn -0.32148537 -0.6297993 -0.70710677
vn -0.3216811 -0.62969935 -0.70710677
vn -0.32820424 -0.6263242 -0.70710677
vn -0.33003065 0.9439702 0
vn -0.330491 0.94380915 0
vn -0.33062056 0.9437638 0
vn -0.3309441 -0.94365036 0
vn -0.3330167 -0.6237787 -0.70710677
vn -0.33564103 -0.62237054 -0.70710677
vn -0.3373926 -0.94136405 0
vn -0.33772063 -0.62124455 -0.70710677
vn -0.34039527 -0.61978304 -0.70710677
vn -0.3422556 0.6187577 -0.70710677
vn -0.34541887 0.6169974 -0.70710677
vn -0.34578618 0.61679167 -0.70710677
vn -0.34863245 0.9372595 0
vn -0.34863755 0.6151844 -0.70710677
vn -0.34865215 -0.61517614 -0.70710677
vn -0.3509728 -0.6138551 -0.70710677
vn -0.35136154 -0.6136327 -0.70710677
vn -0.35224763 0.6131245 -0.70710677
vn -0.3558572 -0.93454033 0
vn -0.36283422 0.9318537 0
vn -0.36284256 0.93185043 0
vn -0.36530775 -0.9308868 0
vn -0.36662704 -0.930368 0
vn -0.36712334 0.6043347 -0.70710677
vn -0.36870143 -0.9295479 0
vn -0.3694661 -0.6029053 -0.70710677
vn -0.37316334 -0.60062397 -0.70710677
vn -0.37316394 -0.60062355 -0.70710677
vn -0.37356195 0.9276052 0
vn -0.37744775 -0.5979408 -0.70710677
vn -0.37924722 0.5968011 -0.70710677
vn -0.37954745 0.92517227 0
vn -0.37960532 -0.92514855 0
vn -0.3811723 -0.5955734 -0.70710677
vn -0.38155338 -0.9243468 0
vn -0.38281035 -0.5945219 -0.70710677
vn -0.38282135 -0.5945148 -0.70710677
vn -0.38476527 0.92301446 0
vn -0.3856997 0.5926514 -0.70710677
vn -0.3868426 -0.5919061 -0.70710677
vn -0.38687798 0.59188294 -0.70710677
vn -0.38709852 0.5917387 -0.70710677
vn -0.3873683 0.92192507 0
vn -0.3885827 -0.92141384 0
vn -0.3901829 -0.5897095 -0.70710677
vn -0.39056852 0.5894542 -0.70710677
vn -0.39474824 -0.5866633 -0.70710677
vn -0.39520225 -0.58635753 -0.70710677
vn -0.3975663 -0.91757345 0
vn -0.3989214 -0.58383363 -0.70710677
vn -0.40124762 0.9159696 0
vn -0.4018057 -0.5818524 -0.70710677
vn -0.40257388 -0.5813211 -0.70710677
vn -0.4061175 0.5788511 -0.70710677
vn -0.41085985 0.9116985 0
vn -0.41210663 0.9111356 0
vn -0.41249043 -0.5743271 -0.70710677
vn -0.4141668 0.5731194 -0.70710677
vn -0.41608503 -0.5717283 -0.70710677
vn -0.41928977 0.5693822 -0.70710677
vn -0.41980618 -0.56900156 -0.70710677
vn -0.42032668 -0.90737283 0
vn -0.42232007 -0.5671382 -0.70710677
vn -0.42405394 -0.565843 -0.70710677
vn -0.42502823 0.5651115 -0.70710677
vn -0.42522892 -0.5649605 -0.70710677
vn -0.42525178 -0.9050751 0
vn -0.42552418 -0.56473815 -0.70710677
vn -0.42631325 -0.5641427 -0.70710677
vn -0.42638227 -0.56409055 -0.70710677
vn -0.42707226 -0.56356835 -0.70710677
vn -0.42736745 -0.56334454 -0.70710677
vn -0.42779717 0.90387475 0
vn -0.4279738 0.9037911 0
vn -0.42798036 0.562879 -0.70710677
vn -0.42818263 0.5627252 -0.70710677
vn -0.42842054 -0.9035795 0
vn -0.42847437 0.5625031 -0.70710677
vn -0.4285422 0.5624514 -0.70710677
vn -0.4299085 0.90287244 0
vn -0.43022817 0.5611628 -0.70710677
vn -0.43182406 -0.5599357 -0.70710677
vn -0.43430975 -0.9007636 0
vn -0.43608698 0.5566221 -0.70710677
vn -0.43671036 -0.8996022 0
vn -0.43707064 0.8994272 0
vn -0.43721735 -0.55573463 -0.70710677
vn -0.44174007 -0.89714307 0
vn -0.4425557 0.5514929 -0.70710677
vn -0.4450465 -0.54948485 -0.70710677
vn -0.44532305 -0.54926074 -0.70710677
vn -0.44541842 -0.5491834 -0.70710677
vn -0.44569996 0.54895496 -0.70710677
vn -0.44611967 -0.54861397 -0.70710677
vn -0.4461646 -0.54857737 -0.70710677
vn -0.44707158 -0.54783845 -0.70710677
vn -0.44722298 -0.89442253 0
vn -0.4475709 -0.54743063 -0.70710677
vn -0.4476343 0.8942167 0
vn -0.44840452 -0.546748 -0.70710677
vn -0.4487769 -0.5464424 -0.70710677
vn -0.4503319 -0.89286125 0
vn -0.45219195 -0.8919206 0
vn -0.4529411 -0.54299575 -0.70710677
vn -0.45311183 -0.8914537 0
vn -0.45326844 0.89137405 0
vn -0.45387092 -0.54221874 -0.70710677
vn -0.45402712 -0.542088 -0.70710677
vn -0.45464897 -0.8906707 0
vn -0.45492578 -0.89052933 0
vn -0.45787016 0.5388459 -0.70710677
vn -0.45869106 0.5381473 -0.70710677
vn -0.46224824 0.5350949 -0.70710677
vn -0.4641509 -0.88575613 0
vn -0.46796632 -0.5301014 -0.70710677
vn -0.46942362 0.52881134 -0.70710677
vn -0.47041008 -0.5279341 -0.70710677
vn -0.47072977 0.52764904 -0.70710677
vn -0.4709567 -0.8821563 0
vn -0.47443393 0.5243209 -0.70710677
vn -0.47457254 0.5241955 -0.70710677
vn -0.47466812 -0.88016486 0
vn -0.4748749 0.5239216 -0.70710677
vn -0.475112 0.52370656 -0.70710677
vn -0.47555864 0.52330106 -0.70710677
vn -0.4764102 0.5225259 -0.70710677
vn -0.47725198 0.5217572 -0.70710677
vn -0.47743076 -0.5215936 -0.70710677
vn -0.4776091 -0.87857246 0
vn -0.47763845 -0.52140343 -0.70710677
vn -0.48103043 -0.51827574 -0.70710677
vn -0.4813916 -0.8765056 0
vn -0.48175445 -0.5176028 -0.70710677
vn -0.4825779 -0.51683515 -0.70710677
vn -0.4831613 -0.5162898 -0.70710677
vn -0.4833083 -0.5161522 -0.70710677
vn -0.4840225 0.87505555 0
vn -0.48726818 -0.5124156 -0.70710677
vn -0.48849607 0.8725661 0
vn -0.4890155 0.8722751 0
vn -0.4916207 0.5082412 -0.70710677
vn -0.49304795 0.87000215 0
vn -0.4930686 -0.8699904 0
vn -0.49352986 0.5063875 -0.70710677
vn -0.4963505 -0.8681222 0
vn -0.49690026 -0.8678076 0
vn -0.49792933 0.50206214 -0.70710677
vn -0.4981534 0.8670889 0
vn -0.50695735 -0.49294445 -0.70710677
vn -0.5101731 -0.48961562 -0.70710677
vn -0.5191908 0.85465837 0
vn -0.522504 -0.8526369 0
vn -0.5242595 -0.4745018 -0.70710677
vn -0.5277327 -0.84941053 0
vn -0.5277335 -0.84941 0
vn -0.5314959 0.46638194 -0.70710677
vn -0.5337917 -0.845616 0
vn -0.53633654 0.8440042 0
vn -0.53905904 -0.842268 0
vn -0.5413756 -0.84078085 0
vn -0.5413912 -0.84077084 0
vn -0.5454617 0.8381357 0
vn -0.5470781 -0.8370816 0
vn -0.5471281 0.8370489 0
vn -0.54744 0.8368449 0
vn -0.55039823 -0.44391644 -0.70710677
vn -0.551802 -0.8339752 0
vn -0.5523473 0.83361405 0
vn -0.55744636 -0.43503284 -0.70710677
vn -0.5582583 -0.8296672 0
vn -0.55890036 -0.82923484 0
vn -0.5629717 0.42785847 -0.70710677
vn -0.56416005 -0.8256655 0
vn -0.56544393 -0.4245859 -0.70710677
vn -0.56617427 -0.42361152 -0.70710677
vn -0.56701714 0.4224826 -0.70710677
vn -0.56823903 -0.8228635 0
vn -0.56932545 -0.8221122 0
vn -0.5743368 0.8186191 0
vn -0.58182305 0.4018482 -0.70710677
vn -0.5833496 -0.8122212 0
vn -0.5857203 0.81051326 0
vn -0.5884331 -0.80854595 0
vn -0.58846796 -0.39205292 -0.70710677
vn -0.59271324 0.38560474 -0.70710677
vn -0.59296525 0.80522805 0
vn -0.5936956 -0.8046897 0
vn -0.59725076 -0.8020546 0
vn -0.59970284 -0.8002228 0
vn -0.6010807 0.7991883 0
vn -0.60136455 -0.7989748 0
vn -0.601782 -0.79866034 0
vn -0.602898 -0.7978183 0
vn -0.6029956 -0.7977445 0
vn -0.60397136 -0.797006 0
vn -0.60400224 -0.36767012 -0.70710677
vn -0.60438883 -0.79668945 0
vn -0.6052199 -0.36566222 -0.70710677
vn -0.6052556 0.7960312 0
vn -0.6055417 0.7958136 0
vn -0.60595423 0.7954995 0
vn -0.6060502 0.79542637 0
vn -0.6084345 0.7936041 0
vn -0.6106915 -0.7918686 0
vn -0.61672014 0.7871825 0
vn -0.61831874 -0.7859274 0
vn -0.62005246 0.33990434 -0.70710677
vn -0.6226752 -0.3350755 -0.70710677
vn -0.62586826 0.7799288 0
vn -0.6293248 0.32241327 -0.70710677
vn -0.62939084 -0.77708894 0
vn -0.6297819 -0.776772 0
vn -0.6299168 -0.77666265 0
vn -0.63031495 0.77633953 0
vn -0.6309085 -0.77585727 0
vn -0.630972 -0.7758056 0
vn -0.6322547 -0.7747606 0
vn -0.6329608 -0.7741838 0
vn -0.6341398 -0.77321845 0
vn -0.6346664 -0.77278626 0
vn -0.6377 -0.3055138 -0.70710677
vn -0.64055544 -0.7679119 0
vn -0.64187044 -0.7668131 0
vn -0.6420913 -0.76662815 0
vn -0.6440396 0.29191276 -0.70710677
vn -0.6445864 -0.29070327 -0.70710677
vn -0.64623183 -0.2870269 -0.70710677
vn -0.6475262 0.7620432 0
vn -0.6486871 0.76105523 0
vn -0.65177995 -0.27419508 -0.70710677
vn -0.6530588 0.27113497 -0.70710677
vn -0.65371776 0.7567385 0
vn -0.6618043 -0.74967664 0
vn -0.66386527 0.7478522 0
vn -0.66424614 0.2424398 -0.70710677
vn -0.6652603 -0.74661154 0
vn -0.6657124 0.7462084 0
vn -0.6657268 -0.238344 -0.70710677
vn -0.6709509 0.74150175 0
vn -0.6711469 0.74132437 0
vn -0.67157453 0.740937 0
vn -0.6719098 0.74063295 0
vn -0.67254144 0.74005944 0
vn -0.67337674 0.21578644 -0.70710677
vn -0.6737458 0.7389632 0
vn -0.67489487 -0.21099027 -0.70710677
vn -0.67493623 0.73787606 0
vn -0.6751891 -0.73764473 0
vn -0.67548275 -0.7373758 0
vn -0.67691934 -0.20440215 -0.70710677
vn -0.6798667 0.19437407 -0.70710677
vn -0.6802798 -0.73295254 0
vn -0.6813037 -0.7320009 0
vn -0.6824682 -0.7309153 0
vn -0.6832933 -0.730144 0
vn -0.6835011 -0.7299494 0
vn -0.6860196 -0.17139743 -0.70710677
vn -0.68869 0.16033123 -0.70710677
vn -0.6891013 -0.72466505 0
vn -0.68994725 -0.15483162 -0.70710677
vn -0.69067794 0.15153871 -0.70710677
vn -0.6923651 -0.14363337 -0.70710677
vn -0.69525665 0.71876156 0
vn -0.69541854 -0.1280354 -0.70710677
vn -0.69662154 0.12131972 -0.70710677
vn -0.69761145 -0.11549124 -0.70710677
vn -0.69770986 -0.11489538 -0.70710677
vn -0.6979212 0.113604486 -0.70710677
vn -0.6979566 0.71614003 0
vn -0.70180184 -0.08645348 -0.70710677
vn -0.70239425 0.081500575 -0.70710677
vn -0.70269835 0.07883519 -0.70710677
vn -0.7034761 -0.071564354 -0.70710677
vn -0.7041074 -0.06505953 -0.70710677
vn -0.7041784 0.7100231 0
vn -0.7045577 -0.05998652 -0.70710677
vn -0.70523953 0.051353406 -0.70710677
vn -0.7053861 0.04929994 -0.70710677
vn -0.70599234 -0.03968431 -0.70710677
vn -0.70611155 -0.037503567 -0.70710677
vn -0.70652634 0.028644973 -0.70710677
vn -0.70677304 -0.021722667 -0.70710677
vn -0.70681405 -0.02034535 -0.70710677
vn -0.7069385 0.015425146 -0.70710677
vn -0.70696044 -0.014383959 -0.70710677
vn -0.7070114 -0.011615421 -0.70710677
vn -0.7070463 -0.009248639 -0.70710677
vn -0.70706886 -0.007325369 -0.70710677
vn -0.7070827 0.0058349366 -0.70710677
vn -0.70709366 -0.0043049227 -0.70710677
vn -0.70710146 0.0027371936 -0.70710677
vn -0.70710146 0.0027459275 -0.70710677
vn -0.70710516 -0.0015113811 -0.70710677
vn -0.70710605 -0.0010324417 -0.70710677
vn -0.70710623 0.00086949003 -0.70710677
vn -0.70710623 0.0008769448 -0.70710677
vn -0.70710677 0.00016661908 -0.70710677
vn -0.70710677 -0 -0.70710677
vn -0.70710677 -0.0000008143367 -0.70710677
vn -0.70710677 -0.000052975804 -0.70710677
vn -0.716946 -0.6971287 0
vn -0.72149366 -0.692421 0
vn -0.7414149 -0.67104685 0
vn -0.7516487 0.65956366 0
vn -0.77838063 -0.62779266 0
vn -0.7883482 -0.61522937 0
vn -0.7961622 0.6050833 0
vn -0.7996584 -0.60045516 0
vn -0.8006913 -0.59907717 0
vn -0.80188334 0.59748065 0
vn -0.82282203 0.5682992 0
vn -0.8322193 -0.5544466 0
vn -0.8382231 0.5453274 0
vn -0.85418814 -0.51996404 0
vn -0.8559102 -0.5171245 0
vn -0.8768866 0.48069733 0
vn -0.8805957 -0.47386834 0
vn -0.8899996 0.45596123 0
vn -0.901844 -0.4320618 0
vn -0.91080946 0.412827 0
vn -0.9115828 -0.41111648 0
vn -0.9139098 -0.40591735 0
vn -0.921756 -0.38777038 0
vn -0.9235646 0.38344276 0
vn -0.9393859 0.34286165 0
vn -0.9414798 -0.33706933 0
vn -0.9522985 0.30516812 0
vn -0.9544455 -0.2983853 0
vn -0.9573085 -0.28906828 0
vn -0.9614767 0.27488646 0
vn -0.97017825 -0.24239258 0
vn -0.97395474 0.2267426 0
vn -0.97573274 -0.21896498 0
vn -0.9767661 0.2143081 0
vn -0.97915214 -0.20312826 0
vn -0.9834703 -0.1810694 0
vn -0.98517156 0.171572 0
vn -0.9865716 -0.16332929 0
vn -0.9867107 -0.1624866 0
vn -0.98700964 0.16066101 0
vn -0.9924977 -0.122263685 0
vn -0.9933354 0.115259215 0
vn -0.9937656 0.111489795 0
vn -0.99486536 -0.101207286 0
vn -0.99575824 -0.09200806 0
vn -0.9963951 -0.084833756 0
vn -0.99735934 0.07262468 0
vn -0.9975666 0.06972065 0
vn -0.99842393 -0.05612209 0
vn -0.9985925 -0.05303805 0
vn -0.9991791 0.04051011 0
vn -0.999528 -0.03072049 0
vn -0.999586 -0.02877267 0
vn -0.99976206 0.02181445 0
vn -0.99979305 -0.020341989 0
vn -0.99986506 -0.016426686 0
vn -0.99991447 -0.013079551 0
vn -0.99994636 -0.010359636 0
vn -0.99996597 0.008251847 0
vn -0.99998146 -0.00608808 0
vn -0.99999243 0.0038833278 0
vn -0.9999925 0.0038709764 0
vn -0.99999774 -0.0021374158 0
vn -0.9999989 -0.0014600932 0
vn -0.9999992 0.0012296446 0
vn -0.9999992 0.0012401872 0
vn -1 0.00023563496 0
vn -1 -0 0
vn -1 -0.0000011516461 0
vn -1 -0.0000749191 0
f 210/1/1 2/2/1 1/3/1
f 209/4/1 2/2/1 210/1/1
f 209/4/1 3/5/1 2/2/1
f 208/6/1 3/5/1 209/4/1
f 208/6/1 4/7/1 3/5/1
f 207/8/1 4/7/1 208/6/1
f 207/8/1 5/9/1 4/7/1
f 206/10/1 5/9/1 207/8/1
f 206/10/1 6/11/1 5/9/1
f 205/12/1 6/11/1 206/10/1
f 205/12/1 7/13/1 6/11/1
f 204/14/1 7/13/1 205/12/1
f 204/14/1 8/15/1 7/13/1
f 203/16/1 8/15/1 204/14/1
f 203/16/1 9/17/1 8/15/1
f 202/18/1 9/17/1 203/16/1
f 202/18/1 10/19/1 9/17/1
f 201/20/1 10/19/1 202/18/1
f 201/20/1 11/21/1 10/19/1
f 200/22/1 11/21/1 201/20/1
f 200/22/1 12/23/1 11/21/1
f 199/24/1 12/23/1 200/22/1
f 199/24/1 13/25/1 12/23/1
f 198/26/1 13/25/1 199/24/1
f 198/26/1 14/27/1 13/25/1
f 197/28/1 14/27/1 198/26/1
f 197/28/1 15/29/1 14/27/1
f 196/30/1 15/29/1 197/28/1
f 196/30/1 16/31/1 15/29/1
f 195/32/1 16/31/1 196/30/1
f 195/32/1 17/33/1 16/31/1
f 194/34/1 17/33/1 195/32/1
f 194/34/1 18/35/1 17/33/1
f 193/36/1 18/35/1 194/34/1
f 193/36/1 19/37/1 18/35/1
f 192/38/1 19/37/1 193/36/1
f 192/38/1 20/39/1 19/37/1
f 191/40/1 20/39/1 192/38/1
f 191/40/1 21/41/1 20/39/1
f 190/42/1 21/41/1 191/40/1
f 190/42/1 22/43/1 21/41/1
f 190/42/1 23/44/1 22/43/1
f 189/45/1 46/46/1 190/42/1
f 46/46/1 23/44/1 190/42/1
f 46/46/1 24/47/1 23/44/1
f 189/45/1 47/48/1 46/46/1
f 45/49/1 24/47/1 46/46/1
f 189/45/1 48/50/1 47/48/1
f 44/51/1 24/47/1 45/49/1
f 189/45/1 49/52/1 48/50/1
f 188/53/1 49/52/1 189/45/1
f 43/54/1 24/47/1 44/51/1
f 188/53/1 50/55/1 49/52/1
f 43/54/1 25/56/1 24/47/1
f 188/53/1 51/57/1 50/55/1
f 42/58/1 25/56/1 43/54/1
f 188/53/1 52/59/1 51/57/1
f 42/58/1 26/60/1 25/56/1
f 188/53/1 53/61/1 52/59/1
f 187/62/1 53/61/1 188/53/1
f 41/63/1 26/60/1 42/58/1
f 41/63/1 27/64/1 26/60/1
f 187/62/1 54/65/1 53/61/1
f 41/63/1 28/66/1 27/64/1
f 41/63/1 29/67/1 28/66/1
f 187/62/1 55/68/1 54/65/1
f 40/69/1 29/67/1 41/63/1
f 40/69/1 30/70/1 29/67/1
f 186/71/1 55/68/1 187/62/1
f 40/69/1 31/72/1 30/70/1
f 39/73/1 31/72/1 40/69/1
f 186/71/1 56/74/1 55/68/1
f 39/73/1 32/75/1 31/72/1
f 38/76/1 32/75/1 39/73/1
f 38/76/1 33/77/1 32/75/1
f 38/76/1 34/78/1 33/77/1
f 37/79/1 34/78/1 38/76/1
f 186/71/1 57/80/1 56/74/1
f 37/79/1 35/81/1 34/78/1
f 36/82/1 35/81/1 37/79/1
f 185/83/1 57/80/1 186/71/1
f 185/83/1 58/84/1 57/80/1
f 185/83/1 59/85/1 58/84/1
f 185/83/1 60/86/1 59/85/1
f 184/87/1 60/86/1 185/83/1
f 184/87/1 61/88/1 60/86/1
f 184/87/1 62/89/1 61/88/1
f 184/87/1 63/90/1 62/89/1
f 183/91/1 63/90/1 184/87/1
f 183/91/1 64/92/1 63/90/1
f 183/91/1 65/93/1 64/92/1
f 183/91/1 66/94/1 65/93/1
f 183/91/1 67/95/1 66/94/1
f 183/91/1 68/96/1 67/95/1
f 183/91/1 69/97/1 68/96/1
f 182/98/1 69/97/1 183/91/1
f 182/98/1 70/99/1 69/97/1
f 182/98/1 71/100/1 70/99/1
f 182/98/1 72/101/1 71/100/1
f 182/98/1 73/102/1 72/101/1
f 181/103/1 73/102/1 182/98/1
f 181/103/1 74/104/1 73/102/1
f 180/105/1 74/104/1 181/103/1
f 180/105/1 75/106/1 74/104/1
f 180/105/1 76/107/1 75/106/1
f 179/108/1 76/107/1 180/105/1
f 178/109/1 76/107/1 179/108/1
f 178/109/1 77/110/1 76/107/1
f 177/111/1 77/110/1 178/109/1
f 177/111/1 78/112/1 77/110/1
f 176/113/1 78/112/1 177/111/1
f 175/114/1 78/112/1 176/113/1
f 174/115/1 78/112/1 175/114/1
f 173/116/1 78/112/1 174/115/1
f 173/116/1 79/117/1 78/112/1
f 172/118/1 79/117/1 173/116/1
f 171/119/1 79/117/1 172/118/1
f 170/120/1 79/117/1 171/119/1
f 169/121/1 79/117/1 170/120/1
f 168/122/1 79/117/1 169/121/1
f 168/122/1 80/123/1 79/117/1
f 167/124/1 80/123/1 168/122/1
f 166/125/1 80/123/1 167/124/1
f 165/126/1 80/123/1 166/125/1
f 165/126/1 81/127/1 80/123/1
f 164/128/1 81/127/1 165/126/1
f 163/129/1 81/127/1 164/128/1
f 162/130/1 81/127/1 163/129/1
f 162/130/1 82/131/1 81/127/1
f 161/132/1 82/131/1 162/130/1
f 140/133/1 142/134/1 141/135/1
f 139/136/1 142/134/1 140/133/1
f 139/136/1 143/137/1 142/134/1
f 138/138/1 143/137/1 139/136/1
f 138/138/1 144/139/1 143/137/1
f 160/140/1 82/131/1 161/132/1
f 137/141/1 144/139/1 138/138/1
f 137/141/1 145/142/1 144/139/1
f 136/143/1 145/142/1 137/141/1
f 135/144/1 145/142/1 136/143/1
f 135/144/1 146/145/1 145/142/1
f 160/140/1 83/146/1 82/131/1
f 159/147/1 83/146/1 160/140/1
f 134/148/1 146/145/1 135/144/1
f 133/149/1 146/145/1 134/148/1
f 133/149/1 147/150/1 146/145/1
f 132/151/1 147/150/1 133/149/1
f 158/152/1 83/146/1 159/147/1
f 131/153/1 147/150/1 132/151/1
f 157/154/1 83/146/1 158/152/1
f 157/154/1 84/155/1 83/146/1
f 131/153/1 148/156/1 147/150/1
f 130/157/1 148/156/1 131/153/1
f 156/158/1 84/155/1 157/154/1
f 129/159/1 148/156/1 130/157/1
f 129/159/1 149/160/1 148/156/1
f 155/161/1 84/155/1 156/158/1
f 154/162/1 84/155/1 155/161/1
f 154/162/1 85/163/1 84/155/1
f 129/159/1 150/164/1 149/160/1
f 153/165/1 85/163/1 154/162/1
f 128/166/1 150/164/1 129/159/1
f 152/167/1 85/163/1 153/165/1
f 128/166/1 151/168/1 150/164/1
f 151/168/1 85/163/1 152/167/1
f 128/166/1 85/163/1 151/168/1
f 127/169/1 85/163/1 128/166/1
f 127/169/1 86/170/1 85/163/1
f 126/171/1 86/170/1 127/169/1
f 126/171/1 87/172/1 86/170/1
f 125/173/1 87/172/1 126/171/1
f 125/173/1 88/174/1 87/172/1
f 124/175/1 88/174/1 125/173/1
f 124/175/1 89/176/1 88/174/1
f 123/177/1 89/176/1 124/175/1
f 123/177/1 90/178/1 89/176/1
f 122/179/1 90/178/1 123/177/1
f 122/179/1 91/180/1 90/178/1
f 121/181/1 91/180/1 122/179/1
f 121/181/1 92/182/1 91/180/1
f 120/183/1 92/182/1 121/181/1
f 120/183/1 93/184/1 92/182/1
f 119/185/1 93/184/1 120/183/1
f 119/185/1 94/186/1 93/184/1
f 118/187/1 94/186/1 119/185/1
f 118/187/1 95/188/1 94/186/1
f 117/189/1 95/188/1 118/187/1
f 117/189/1 96/190/1 95/188/1
f 116/191/1 96/190/1 117/189/1
f 115/192/1 96/190/1 116/191/1
f 115/192/1 97/193/1 96/190/1
f 114/194/1 97/193/1 115/192/1
f 114/194/1 98/195/1 97/193/1
f 113/196/1 98/195/1 114/194/1
f 113/196/1 99/197/1 98/195/1
f 112/198/1 99/197/1 113/196/1
f 112/198/1 100/199/1 99/197/1
f 111/200/1 100/199/1 112/198/1
f 111/200/1 101/201/1 100/199/1
f 110/202/1 101/201/1 111/200/1
f 110/202/1 102/203/1 101/201/1
f 109/204/1 102/203/1 110/202/1
f 109/204/1 103/205/1 102/203/1
f 108/206/1 103/205/1 109/204/1
f 108/206/1 104/207/1 103/205/1
f 107/208/1 104/207/1 108/206/1
f 107/208/1 105/209/1 104/207/1
f 106/210/1 105/209/1 107/208/1
f 2/2/2 211/3/2 1/3/2
f 6/11/3 215/9/3 5/9/3
f 10/19/4 219/17/4 9/17/4
f 14/27/5 223/25/5 13/25/5
f 18/35/6 227/33/6 17/33/6
f 22/43/7 231/41/7 21/41/7
f 26/60/8 235/56/8 25/56/8
f 200/22/9 409/24/9 199/24/9
f 30/70/10 239/67/10 29/67/10
f 34/78/11 243/77/11 33/77/11
f 162/130/12 371/132/12 161/132/12
f 46/46/13 255/49/13 45/49/13
f 50/55/14 259/52/14 49/52/14
f 54/65/15 263/61/15 53/61/15
f 58/84/16 267/80/16 57/80/16
f 62/89/17 271/211/17 61/88/17
f 66/94/18 275/93/18 65/93/18
f 70/99/19 279/97/19 69/97/19
f 74/104/20 283/102/20 73/102/20
f 78/112/21 287/110/21 77/110/21
f 204/14/22 413/16/22 203/16/22
f 82/131/23 291/127/23 81/127/23
f 86/170/24 295/163/24 85/163/24
f 185/83/25 394/87/25 184/87/25
f 90/178/26 299/176/26 89/176/26
f 94/186/5 303/184/5 93/184/5
f 98/195/27 307/193/27 97/193/27
f 102/203/28 311/201/28 101/201/28
f 106/210/29 315/209/29 105/209/29
f 117/189/9 328/187/9 327/189/9
f 122/179/30 331/181/30 121/181/30
f 126/171/31 335/173/31 125/173/31
f 130/157/32 339/159/32 129/159/32
f 208/6/33 417/8/33 207/8/33
f 134/148/34 343/149/34 133/149/34
f 138/138/35 347/141/35 137/141/35
f 189/45/36 398/53/36 188/53/36
f 142/134/37 351/135/37 141/135/37
f 146/145/38 355/142/38 145/142/38
f 158/152/39 367/154/39 157/154/39
f 165/126/40 376/125/40 375/126/40
f 170/120/41 379/121/41 169/121/41
f 174/115/42 383/116/42 173/116/42
f 1/3/43 420/1/43 210/1/43
f 117/189/9 326/191/9 116/191/9
f 177/111/44 388/109/44 387/111/44
f 3/5/45 212/2/45 2/2/45
f 7/13/46 216/11/46 6/11/46
f 11/21/47 220/19/47 10/19/47
f 15/29/5 224/27/5 14/27/5
f 19/37/48 228/35/48 18/35/48
f 40/69/49 251/63/49 250/69/49
f 23/44/50 232/43/50 22/43/50
f 27/64/51 236/60/51 26/60/51
f 31/72/52 240/70/52 30/70/52
f 35/81/53 244/78/53 34/78/53
f 39/73/54 248/76/54 38/76/54
f 43/54/55 252/58/55 42/58/55
f 194/34/56 403/36/56 193/36/56
f 47/48/57 256/46/57 46/46/57
f 182/98/58 391/103/58 181/103/58
f 51/57/59 260/55/59 50/55/59
f 45/49/60 254/51/60 44/51/60
f 59/85/61 268/84/61 58/84/61
f 63/90/62 272/212/62 62/89/62
f 67/95/19 276/213/19 66/94/19
f 71/100/19 280/99/19 70/99/19
f 125/173/63 334/175/63 124/175/63
f 75/106/64 284/104/64 74/104/64
f 79/117/65 288/112/65 78/112/65
f 83/146/66 292/131/66 82/131/66
f 87/172/67 296/170/67 86/170/67
f 91/180/68 300/178/68 90/178/68
f 95/188/5 304/186/5 94/186/5
f 99/197/69 308/195/69 98/195/69
f 185/83/70 396/71/70 395/83/70
f 103/205/71 312/203/71 102/203/71
f 107/208/72 316/210/72 106/210/72
f 111/200/73 320/202/73 110/202/73
f 115/192/74 324/194/74 114/194/74
f 148/156/75 357/150/75 147/150/75
f 131/153/76 340/157/76 130/157/76
f 110/202/77 319/204/77 109/204/77
f 134/148/78 345/144/78 344/148/78
f 139/136/79 348/138/79 138/138/79
f 143/137/80 352/134/80 142/134/80
f 147/150/81 356/145/81 146/145/81
f 151/168/82 360/164/82 150/164/82
f 190/42/83 399/45/83 189/45/83
f 155/161/84 364/162/84 154/162/84
f 159/147/85 368/152/85 158/152/85
f 162/130/86 373/129/86 372/130/86
f 167/124/87 376/125/87 166/125/87
f 171/119/88 380/120/88 170/120/88
f 178/109/89 389/108/89 388/109/89
f 114/194/90 323/196/90 113/196/90
f 191/40/91 400/42/91 190/42/91
f 195/32/92 404/34/92 194/34/92
f 199/24/9 408/26/9 198/26/9
f 203/16/93 412/18/93 202/18/93
f 207/8/94 416/10/94 206/10/94
f 175/114/42 384/115/42 174/115/42
f 38/76/95 247/79/95 37/79/95
f 108/206/96 317/208/96 107/208/96
f 198/26/9 407/28/9 197/28/9
f 4/7/97 213/5/97 3/5/97
f 8/15/98 217/13/98 7/13/98
f 12/23/5 221/21/5 11/21/5
f 16/31/5 225/29/5 15/29/5
f 159/147/99 370/140/99 369/147/99
f 20/39/100 229/37/100 19/37/100
f 24/47/101 233/44/101 23/44/101
f 141/135/102 350/133/102 140/133/102
f 28/66/103 237/64/103 27/64/103
f 36/82/104 245/81/104 35/81/104
f 44/51/105 253/54/105 43/54/105
f 48/50/106 257/48/106 47/48/106
f 52/59/107 261/57/107 51/57/107
f 202/18/108 411/20/108 201/20/108
f 56/74/109 265/68/109 55/68/109
f 60/86/110 269/85/110 59/85/110
f 182/98/111 393/91/111 392/98/111
f 64/92/112 273/214/112 63/90/112
f 68/96/19 277/95/19 67/95/19
f 72/101/113 281/100/113 71/100/113
f 76/107/114 285/106/114 75/106/114
f 80/123/115 289/117/115 79/117/115
f 84/155/116 293/146/116 83/146/116
f 42/58/117 251/63/117 41/63/117
f 88/174/118 297/172/118 87/172/118
f 92/182/5 301/180/5 91/180/5
f 96/190/5 305/188/5 95/188/5
f 100/199/119 309/197/119 99/197/119
f 104/207/120 313/205/120 103/205/120
f 206/10/121 415/12/121 205/12/121
f 187/62/122 396/71/122 186/71/122
f 116/191/123 325/192/123 115/192/123
f 120/183/9 329/185/9 119/185/9
f 168/122/124 377/124/124 167/124/124
f 124/175/125 333/177/125 123/177/125
f 128/166/126 337/169/126 127/169/126
f 132/151/127 341/153/127 131/153/127
f 135/144/128 346/143/128 345/144/128
f 140/133/129 349/136/129 139/136/129
f 144/139/130 353/137/130 143/137/130
f 152/167/131 361/168/131 151/168/131
f 156/158/132 365/161/132 155/161/132
f 210/1/133 419/4/133 209/4/133
f 164/128/134 373/129/134 163/129/134
f 172/118/42 381/119/42 171/119/42
f 176/113/42 385/215/42 175/114/42
f 157/154/135 366/158/135 156/158/135
f 154/162/136 363/165/136 153/165/136
f 119/185/9 328/187/9 118/187/9
f 5/9/137 214/7/137 4/7/137
f 9/17/138 218/15/138 8/15/138
f 13/25/5 222/23/5 12/23/5
f 17/33/139 226/31/139 16/31/139
f 21/41/140 230/39/140 20/39/140
f 180/105/141 389/108/141 179/108/141
f 25/56/142 234/47/142 24/47/142
f 29/67/143 238/66/143 28/66/143
f 33/77/144 242/75/144 32/75/144
f 37/79/145 246/82/145 36/82/145
f 123/177/146 332/179/146 122/179/146
f 49/52/147 258/50/147 48/50/147
f 53/61/148 262/59/148 52/59/148
f 57/80/149 266/74/149 56/74/149
f 61/88/150 270/86/150 60/86/150
f 65/93/151 274/92/151 64/92/151
f 69/97/19 278/96/19 68/96/19
f 73/102/152 282/101/152 72/101/152
f 184/87/153 393/91/153 183/91/153
f 77/110/154 286/107/154 76/107/154
f 165/126/155 374/128/155 164/128/155
f 85/163/156 294/155/156 84/155/156
f 89/176/157 298/174/157 88/174/157
f 93/184/5 302/182/5 92/182/5
f 97/193/158 306/190/158 96/190/158
f 127/169/159 336/171/159 126/171/159
f 101/201/160 310/199/160 100/199/160
f 105/209/161 314/207/161 104/207/161
f 109/204/162 318/206/162 108/206/162
f 112/198/163 323/196/163 322/198/163
f 188/53/164 397/62/164 187/62/164
f 128/166/165 339/159/165 338/166/165
f 133/149/166 342/151/166 132/151/166
f 137/141/167 346/143/167 136/143/167
f 121/181/9 330/183/9 120/183/9
f 32/75/168 241/72/168 31/72/168
f 150/164/169 359/160/169 149/160/169
f 145/142/170 354/139/170 144/139/170
f 149/160/171 358/156/171 148/156/171
f 153/165/172 362/167/172 152/167/172
f 112/198/173 321/200/173 111/200/173
f 161/132/174 370/140/174 160/140/174
f 169/121/175 378/122/175 168/122/175
f 173/116/42 382/118/42 172/118/42
f 177/111/176 386/216/176 176/113/176
f 192/38/177 401/40/177 191/40/177
f 181/103/178 390/217/178 180/105/178
f 55/68/179 264/65/179 54/65/179
f 192/38/180 403/36/180 402/38/180
f 197/28/9 406/30/9 196/30/9
f 201/20/9 410/22/9 200/22/9
f 205/12/181 414/14/181 204/14/181
f 209/4/182 418/6/182 208/6/182
f 196/30/183 405/32/183 195/32/183
f 40/69/184 249/73/184 39/73/184
f 2/2/2 212/2/2 211/3/2
f 6/11/3 216/11/3 215/9/3
f 10/19/4 220/19/4 219/17/4
f 14/27/5 224/27/5 223/25/5
f 18/35/185 228/35/185 227/33/185
f 22/43/7 232/43/7 231/41/7
f 26/60/8 236/60/8 235/56/8
f 200/22/9 410/22/9 409/24/9
f 30/70/10 240/70/10 239/67/10
f 34/78/11 244/78/11 243/77/11
f 162/130/12 372/130/12 371/132/12
f 46/46/13 256/46/13 255/49/13
f 50/55/14 260/55/14 259/52/14
f 54/65/15 264/65/15 263/61/15
f 58/84/16 268/84/16 267/80/16
f 62/89/17 272/212/17 271/211/17
f 66/94/18 276/213/18 275/93/18
f 70/99/19 280/99/19 279/97/19
f 74/104/20 284/104/20 283/102/20
f 78/112/21 288/112/21 287/110/21
f 204/14/22 414/14/22 413/16/22
f 82/131/23 292/131/23 291/127/23
f 86/170/24 296/170/24 295/163/24
f 185/83/25 395/83/25 394/87/25
f 90/178/26 300/178/26 299/176/26
f 94/186/5 304/186/5 303/184/5
f 98/195/27 308/195/27 307/193/27
f 102/203/28 312/203/28 311/201/28
f 106/210/29 316/210/29 315/209/29
f 117/189/9 118/187/9 328/187/9
f 122/179/30 332/179/30 331/181/30
f 126/171/31 336/171/31 335/173/31
f 130/157/32 340/157/32 339/159/32
f 208/6/33 418/6/33 417/8/33
f 134/148/34 344/148/34 343/149/34
f 138/138/35 348/138/35 347/141/35
f 189/45/36 399/45/36 398/53/36
f 142/134/37 352/134/37 351/135/37
f 146/145/38 356/145/38 355/142/38
f 158/152/39 368/152/39 367/154/39
f 165/126/40 166/125/40 376/125/40
f 170/120/41 380/120/41 379/121/41
f 174/115/42 384/115/42 383/116/42
f 1/3/43 211/3/43 420/1/43
f 117/189/9 327/189/9 326/191/9
f 177/111/44 178/109/44 388/109/44
f 3/5/45 213/5/45 212/2/45
f 7/13/46 217/13/46 216/11/46
f 11/21/47 221/21/47 220/19/47
f 15/29/5 225/29/5 224/27/5
f 19/37/48 229/37/48 228/35/48
f 40/69/49 41/63/49 251/63/49
f 23/44/50 233/44/50 232/43/50
f 27/64/51 237/64/51 236/60/51
f 31/72/52 241/72/52 240/70/52
f 35/81/53 245/81/53 244/78/53
f 39/73/54 249/73/54 248/76/54
f 43/54/55 253/54/55 252/58/55
f 194/34/56 404/34/56 403/36/56
f 47/48/57 257/48/57 256/46/57
f 182/98/58 392/98/58 391/103/58
f 51/57/59 261/57/59 260/55/59
f 45/49/60 255/49/60 254/51/60
f 59/85/61 269/85/61 268/84/61
f 63/90/62 273/214/62 272/212/62
f 67/95/19 277/95/19 276/213/19
f 71/100/19 281/100/19 280/99/19
f 125/173/63 335/173/63 334/175/63
f 75/106/64 285/106/64 284/104/64
f 79/117/65 289/117/65 288/112/65
f 83/146/66 293/146/66 292/131/66
f 87/172/67 297/172/67 296/170/67
f 91/180/68 301/180/68 300/178/68
f 95/188/5 305/188/5 304/186/5
f 99/197/69 309/197/69 308/195/69
f 185/83/70 186/71/70 396/71/70
f 103/205/71 313/205/71 312/203/71
f 107/208/72 317/208/72 316/210/72
f 111/200/73 321/200/73 320/202/73
f 115/192/74 325/192/74 324/194/74
f 148/156/75 358/156/75 357/150/75
f 131/153/76 341/153/76 340/157/76
f 110/202/77 320/202/77 319/204/77
f 134/148/78 135/144/78 345/144/78
f 139/136/79 349/136/79 348/138/79
f 143/137/80 353/137/80 352/134/80
f 147/150/81 357/150/81 356/145/81
f 151/168/82 361/168/82 360/164/82
f 190/42/83 400/42/83 399/45/83
f 155/161/84 365/161/84 364/162/84
f 159/147/85 369/147/85 368/152/85
f 162/130/86 163/129/86 373/129/86
f 167/124/87 377/124/87 376/125/87
f 171/119/88 381/119/88 380/120/88
f 178/109/89 179/108/89 389/108/89
f 114/194/90 324/194/90 323/196/90
f 191/40/91 401/40/91 400/42/91
f 195/32/92 405/32/92 404/34/92
f 199/24/9 409/24/9 408/26/9
f 203/16/93 413/16/93 412/18/93
f 207/8/94 417/8/94 416/10/94
f 38/76/95 248/76/95 247/79/95
f 108/206/96 318/206/96 317/208/96
f 198/26/9 408/26/9 407/28/9
f 4/7/97 214/7/97 213/5/97
f 8/15/98 218/15/98 217/13/98
f 12/23/5 222/23/5 221/21/5
f 16/31/5 226/31/5 225/29/5
f 159/147/99 160/140/99 370/140/99
f 20/39/100 230/39/100 229/37/100
f 24/47/101 234/47/101 233/44/101
f 141/135/102 351/135/102 350/133/102
f 28/66/103 238/66/103 237/64/103
f 36/82/104 246/82/104 245/81/104
f 44/51/105 254/51/105 253/54/105
f 48/50/106 258/50/106 257/48/106
f 52/59/107 262/59/107 261/57/107
f 202/18/108 412/18/108 411/20/108
f 56/74/109 266/74/109 265/68/109
f 60/86/110 270/86/110 269/85/110
f 182/98/111 183/91/111 393/91/111
f 64/92/112 274/92/112 273/214/112
f 68/96/19 278/96/19 277/95/19
f 72/101/113 282/101/113 281/100/113
f 76/107/114 286/107/114 285/106/114
f 84/155/116 294/155/116 293/146/116
f 42/58/117 252/58/117 251/63/117
f 88/174/118 298/174/118 297/172/118
f 92/182/5 302/182/5 301/180/5
f 96/190/5 306/190/5 305/188/5
f 100/199/119 310/199/119 309/197/119
f 104/207/120 314/207/120 313/205/120
f 206/10/121 416/10/121 415/12/121
f 187/62/122 397/62/122 396/71/122
f 116/191/123 326/191/123 325/192/123
f 120/183/9 330/183/9 329/185/9
f 168/122/124 378/122/124 377/124/124
f 124/175/125 334/175/125 333/177/125
f 128/166/126 338/166/126 337/169/126
f 132/151/127 342/151/127 341/153/127
f 135/144/128 136/143/128 346/143/128
f 140/133/129 350/133/129 349/136/129
f 144/139/130 354/139/130 353/137/130
f 152/167/131 362/167/131 361/168/131
f 156/158/132 366/158/132 365/161/132
f 210/1/133 420/1/133 419/4/133
f 164/128/134 374/128/134 373/129/134
f 172/118/42 382/118/42 381/119/42
f 176/113/42 386/216/42 385/215/42
f 157/154/135 367/154/135 366/158/135
f 154/162/136 364/162/136 363/165/136
f 119/185/9 329/185/9 328/187/9
f 5/9/137 215/9/137 214/7/137
f 9/17/138 219/17/138 218/15/138
f 13/25/5 223/25/5 222/23/5
f 17/33/139 227/33/139 226/31/139
f 21/41/140 231/41/140 230/39/140
f 180/105/141 390/217/141 389/108/141
f 25/56/186 235/56/186 234/47/186
f 29/67/143 239/67/143 238/66/143
f 33/77/144 243/77/144 242/75/144
f 37/79/145 247/79/145 246/82/145
f 123/177/146 333/177/146 332/179/146
f 49/52/147 259/52/147 258/50/147
f 53/61/148 263/61/148 262/59/148
f 57/80/149 267/80/149 266/74/149
f 61/88/150 271/211/150 270/86/150
f 65/93/151 275/93/151 274/92/151
f 69/97/19 279/97/19 278/96/19
f 73/102/152 283/102/152 282/101/152
f 184/87/153 394/87/153 393/91/153
f 77/110/154 287/110/154 286/107/154
f 165/126/155 375/126/155 374/128/155
f 85/163/156 295/163/156 294/155/156
f 89/176/157 299/176/157 298/174/157
f 93/184/5 303/184/5 302/182/5
f 97/193/158 307/193/158 306/190/158
f 127/169/159 337/169/159 336/171/159
f 101/201/160 311/201/160 310/199/160
f 105/209/161 315/209/161 314/207/161
f 109/204/162 319/204/162 318/206/162
f 112/198/163 113/196/163 323/196/163
f 188/53/164 398/53/164 397/62/164
f 128/166/165 129/159/165 339/159/165
f 133/149/166 343/149/166 342/151/166
f 137/141/167 347/141/167 346/143/167
f 121/181/9 331/181/9 330/183/9
f 32/75/168 242/75/168 241/72/168
f 150/164/169 360/164/169 359/160/169
f 145/142/170 355/142/170 354/139/170
f 149/160/171 359/160/171 358/156/171
f 153/165/172 363/165/172 362/167/172
f 112/198/173 322/198/173 321/200/173
f 161/132/174 371/132/174 370/140/174
f 169/121/175 379/121/175 378/122/175
f 173/116/42 383/116/42 382/118/42
f 177/111/176 387/111/176 386/216/176
f 192/38/177 402/38/177 401/40/177
f 181/103/178 391/103/178 390/217/178
f 55/68/179 265/68/179 264/65/179
f 192/38/180 193/36/180 403/36/180
f 197/28/9 407/28/9 406/30/9
f 201/20/9 411/20/9 410/22/9
f 205/12/181 415/12/181 414/14/181
f 209/4/182 419/4/182 418/6/182
f 196/30/183 406/30/183 405/32/183
f 40/69/184 250/69/184 249/73/184
f 384/115/42 175/114/42 385/215/42
f 289/117/115 80/123/115 290/123/115
f 80/123/187 81/127/187 290/123/187
f 291/127/187 290/123/187 81/127/187
f 1042/528/188 526/431/188 520/434/188
f 1042/528/188 534/427/188 526/431/188
f 1042/528/188 542/423/188 534/427/188
f 1042/528/188 550/419/188 542/423/188
f 1042/528/188 560/414/188 550/419/188
f 1042/528/188 570/409/188 560/414/188
f 1042/528/188 584/402/188 570/409/188
f 1042/528/188 592/398/188 584/402/188
f 1042/528/188 594/397/188 592/398/188
f 1042/528/188 606/391/188 594/397/188
f 528/430/188 1042/528/188 520/434/188
f 528/430/188 1026/520/188 1042/528/188
f 528/430/188 996/505/188 1026/520/188
f 528/430/188 998/506/188 996/505/188
f 528/430/188 1000/507/188 998/506/188
f 528/430/188 1002/508/188 1000/507/188
f 528/430/188 1010/512/188 1002/508/188
f 528/430/188 1020/517/188 1010/512/188
f 528/430/188 1028/521/188 1020/517/188
f 528/430/188 1038/526/188 1028/521/188
f 528/430/188 1050/532/188 1038/526/188
f 528/430/188 1056/535/188 1050/532/188
f 528/430/188 1064/539/188 1056/535/188
f 528/430/188 1068/541/188 1064/539/188
f 528/430/188 1078/546/188 1068/541/188
f 528/430/188 1086/550/188 1078/546/188
f 528/430/188 1104/559/188 1086/550/188
f 528/430/188 1118/566/188 1104/559/188
f 528/430/188 1136/575/188 1118/566/188
f 1260/637/188 1346/680/188 1264/639/188
f 1260/637/188 1342/678/188 1346/680/188
f 1260/637/188 1338/676/188 1342/678/188
f 1260/637/188 1334/674/188 1338/676/188
f 1260/637/188 1328/671/188 1334/674/188
f 1260/637/188 1318/666/188 1328/671/188
f 1260/637/188 1310/662/188 1318/666/188
f 1260/637/188 1304/659/188 1310/662/188
f 1260/637/188 1296/655/188 1304/659/188
f 1260/637/188 1286/650/188 1296/655/188
f 1260/637/188 1276/645/188 1286/650/188
f 1260/637/188 1254/634/188 1276/645/188
f 1260/637/188 1230/622/188 1254/634/188
f 1230/622/188 1184/599/188 1208/611/188
f 1230/622/188 1160/587/188 1184/599/188
f 1230/622/188 1142/578/188 1160/587/188
f 1230/622/188 1120/567/188 1142/578/188
f 1230/622/188 1096/555/188 1120/567/188
f 1230/622/188 1076/545/188 1096/555/188
f 1230/622/188 1044/529/188 1076/545/188
f 1230/622/188 1030/522/188 1044/529/188
f 1230/622/188 1008/511/188 1030/522/188
f 1230/622/188 992/503/188 1008/511/188
f 1230/622/188 990/502/188 992/503/188
f 1230/622/188 984/499/188 990/502/188
f 1230/622/188 980/497/188 984/499/188
f 1230/622/188 972/493/188 980/497/188
f 1230/622/188 970/492/188 972/493/188
f 1230/622/188 966/490/188 970/492/188
f 1230/622/188 422/483/188 966/490/188
f 1230/622/188 428/480/188 422/483/188
f 1230/622/188 444/472/188 428/480/188
f 1230/622/188 450/469/188 444/472/188
f 1230/622/188 462/463/188 450/469/188
f 1230/622/188 464/462/188 462/463/188
f 1230/622/188 466/461/188 464/462/188
f 1230/622/188 474/457/188 466/461/188
f 1230/622/188 482/453/188 474/457/188
f 482/453/188 502/443/188 490/449/188
f 482/453/188 508/440/188 502/443/188
f 482/453/188 514/437/188 508/440/188
f 482/453/188 532/428/188 514/437/188
f 482/453/188 548/420/188 532/428/188
f 482/453/188 562/413/188 548/420/188
f 482/453/188 578/405/188 562/413/188
f 482/453/188 596/396/188 578/405/188
f 482/453/188 608/390/188 596/396/188
f 482/453/188 622/383/188 608/390/188
f 482/453/188 636/376/188 622/383/188
f 482/453/188 650/369/188 636/376/188
f 482/453/188 660/364/188 650/369/188
f 482/453/188 674/357/188 660/364/188
f 482/453/188 702/343/188 674/357/188
f 482/453/188 720/334/188 702/343/188
f 482/453/188 732/328/188 720/334/188
f 482/453/188 748/320/188 732/328/188
f 482/453/188 762/313/188 748/320/188
f 482/453/188 774/307/188 762/313/188
f 482/453/188 782/303/188 774/307/188
f 482/453/188 790/299/188 782/303/188
f 790/299/188 802/293/188 798/295/188
f 790/299/188 806/291/188 802/293/188
f 790/299/188 810/289/188 806/291/188
f 790/299/188 808/290/188 810/289/188
f 790/299/188 804/292/188 808/290/188
f 790/299/188 800/294/188 804/292/188
f 790/299/188 788/300/188 800/294/188
f 790/299/188 778/305/188 788/300/188
f 790/299/188 770/309/188 778/305/188
f 790/299/188 756/316/188 770/309/188
f 790/299/188 740/324/188 756/316/188
f 790/299/188 724/332/188 740/324/188
f 790/299/188 704/342/188 724/332/188
f 790/299/188 678/355/188 704/342/188
f 790/299/188 662/363/188 678/355/188
f 790/299/188 646/371/188 662/363/188
f 790/299/188 630/379/188 646/371/188
f 790/299/188 616/386/188 630/379/188
f 790/299/188 604/392/188 616/386/188
f 790/299/188 588/400/188 604/392/188
f 574/407/188 558/415/188 572/408/188
f 574/407/188 544/422/188 558/415/188
f 574/407/188 530/429/188 544/422/188
f 574/407/188 516/436/188 530/429/188
f 574/407/188 506/441/188 516/436/188
f 574/407/188 500/444/188 506/441/188
f 574/407/188 496/446/188 500/444/188
f 574/407/188 484/452/188 496/446/188
f 574/407/188 470/459/188 484/452/188
f 454/467/188 438/475/188 448/470/188
f 454/467/188 426/481/188 438/475/188
f 454/467/188 956/485/188 426/481/188
f 454/467/188 960/487/188 956/485/188
f 454/467/188 962/488/188 960/487/188
f 454/467/188 974/494/188 962/488/188
f 454/467/188 982/498/188 974/494/188
f 454/467/188 988/501/188 982/498/188
f 430/479/188 436/476/188 434/477/188
f 430/479/188 440/474/188 436/476/188
f 876/256/188 868/260/188 874/257/188
f 876/256/188 870/259/188 868/260/188
f 856/266/188 838/275/188 850/269/188
f 856/266/188 830/279/188 838/275/188
f 856/266/188 822/283/188 830/279/188
f 856/266/188 816/286/188 822/283/188
f 856/266/188 792/298/188 816/286/188
f 856/266/188 776/306/188 792/298/188
f 856/266/188 764/312/188 776/306/188
f 750/319/188 738/325/188 744/322/188
f 750/319/188 734/327/188 738/325/188
f 750/319/188 730/329/188 734/327/188
f 750/319/188 726/331/188 730/329/188
f 750/319/188 722/333/188 726/331/188
f 750/319/188 716/336/188 722/333/188
f 750/319/188 710/339/188 716/336/188
f 750/319/188 708/340/188 710/339/188
f 750/319/188 1114/565/188 708/340/188
f 750/319/188 1124/569/188 1114/565/188
f 750/319/188 1134/574/188 1124/569/188
f 750/319/188 1150/582/188 1134/574/188
f 750/319/188 1166/590/188 1150/582/188
f 1398/706/188 1392/703/188 1394/704/188
f 1398/706/188 1396/705/188 1392/703/188
f 1398/706/188 1400/707/188 1396/705/188
f 1398/706/188 1468/741/188 1400/707/188
f 1398/706/188 1464/739/188 1468/741/188
f 1398/706/188 1460/737/188 1464/739/188
f 1398/706/188 1462/738/188 1460/737/188
f 1398/706/188 1466/740/188 1462/738/188
f 1398/706/188 1458/736/188 1466/740/188
f 1398/706/188 1454/734/188 1458/736/188
f 1398/706/188 1450/732/188 1454/734/188
f 1398/706/188 1446/730/188 1450/732/188
f 1398/706/188 1442/728/188 1446/730/188
f 1398/706/188 1438/726/188 1442/728/188
f 1398/706/188 1434/724/188 1438/726/188
f 1398/706/188 1432/723/188 1434/724/188
f 1398/706/188 1426/720/188 1432/723/188
f 1398/706/188 1422/718/188 1426/720/188
f 1398/706/188 1416/715/188 1422/718/188
f 1398/706/188 1412/713/188 1416/715/188
f 1398/706/188 1408/711/188 1412/713/188
f 1398/706/188 1404/709/188 1408/711/188
f 1404/709/188 1354/684/188 1368/691/188
f 1404/709/188 1330/672/188 1354/684/188
f 1404/709/188 1308/661/188 1330/672/188
f 1404/709/188 1292/653/188 1308/661/188
f 1404/709/188 1274/644/188 1292/653/188
f 1404/709/188 1256/635/188 1274/644/188
f 1404/709/188 1232/623/188 1256/635/188
f 1404/709/188 1216/615/188 1232/623/188
f 1404/709/188 1196/605/188 1216/615/188
f 1404/709/188 1182/598/188 1196/605/188
f 1404/709/188 1168/591/188 1182/598/188
f 1404/709/188 1154/584/188 1168/591/188
f 1404/709/188 1132/573/188 1154/584/188
f 1404/709/188 1122/568/188 1132/573/188
f 1404/709/188 1116/564/188 1122/568/188
f 1404/709/188 676/356/188 1116/564/188
f 676/356/188 706/341/188 692/348/188
f 676/356/188 718/335/188 706/341/188
f 676/356/188 728/330/188 718/335/188
f 676/356/188 746/321/188 728/330/188
f 676/356/188 754/317/188 746/321/188
f 766/311/188 786/301/188 772/308/188
f 766/311/188 794/297/188 786/301/188
f 766/311/188 812/288/188 794/297/188
f 766/311/188 820/284/188 812/288/188
f 766/311/188 826/281/188 820/284/188
f 766/311/188 834/277/188 826/281/188
f 766/311/188 836/276/188 834/277/188
f 766/311/188 840/274/188 836/276/188
f 840/274/188 846/271/188 842/273/188
f 840/274/188 852/268/188 846/271/188
f 840/274/188 864/262/188 852/268/188
f 880/254/188 886/251/188 882/253/188
f 880/254/188 888/250/188 886/251/188
f 880/254/188 890/249/188 888/250/188
f 880/254/188 892/248/188 890/249/188
f 880/254/188 896/246/188 892/248/188
f 880/254/188 898/245/188 896/246/188
f 880/254/188 900/244/188 898/245/188
f 880/254/188 904/242/188 900/244/188
f 880/254/188 906/241/188 904/242/188
f 880/254/188 910/239/188 906/241/188
f 880/254/188 914/237/188 910/239/188
f 880/254/188 918/235/188 914/237/188
f 880/254/188 922/233/188 918/235/188
f 880/254/188 926/231/188 922/233/188
f 880/254/188 930/229/188 926/231/188
f 880/254/188 936/226/188 930/229/188
f 880/254/188 946/221/188 936/226/188
f 880/254/188 944/222/188 946/221/188
f 880/254/188 948/220/188 944/222/188
f 880/254/188 950/219/188 948/220/188
f 880/254/188 952/218/188 950/219/188
f 880/254/188 942/223/188 952/218/188
f 880/254/188 940/224/188 942/223/188
f 880/254/188 938/225/188 940/224/188
f 880/254/188 934/227/188 938/225/188
f 880/254/188 932/228/188 934/227/188
f 880/254/188 928/230/188 932/228/188
f 880/254/188 924/232/188 928/230/188
f 880/254/188 920/234/188 924/232/188
f 880/254/188 916/236/188 920/234/188
f 880/254/188 912/238/188 916/236/188
f 880/254/188 908/240/188 912/238/188
f 880/254/188 902/243/188 908/240/188
f 880/254/188 894/247/188 902/243/188
f 880/254/188 884/252/188 894/247/188
f 880/254/188 858/265/188 884/252/188
f 858/265/188 814/287/188 828/280/188
f 858/265/188 784/302/188 814/287/188
f 858/265/188 760/314/188 784/302/188
f 858/265/188 742/323/188 760/314/188
f 858/265/188 712/338/188 742/323/188
f 858/265/188 680/354/188 712/338/188
f 858/265/188 656/366/188 680/354/188
f 858/265/188 640/374/188 656/366/188
f 858/265/188 626/381/188 640/374/188
f 858/265/188 612/388/188 626/381/188
f 858/265/188 598/395/188 612/388/188
f 858/265/188 582/403/188 598/395/188
f 858/265/188 566/411/188 582/403/188
f 858/265/188 554/417/188 566/411/188
f 858/265/188 538/425/188 554/417/188
f 858/265/188 522/433/188 538/425/188
f 858/265/188 512/438/188 522/433/188
f 858/265/188 498/445/188 512/438/188
f 858/265/188 494/447/188 498/445/188
f 858/265/188 488/450/188 494/447/188
f 858/265/188 480/454/188 488/450/188
f 480/454/188 472/458/188 476/456/188
f 480/454/188 468/460/188 472/458/188
f 480/454/188 460/464/188 468/460/188
f 458/465/188 446/471/188 456/466/188
f 458/465/188 442/473/188 446/471/188
f 458/465/188 432/478/188 442/473/188
f 458/465/188 424/482/188 432/478/188
f 458/465/188 958/486/188 424/482/188
f 458/465/188 964/489/188 958/486/188
f 458/465/188 968/491/188 964/489/188
f 458/465/188 976/495/188 968/491/188
f 458/465/188 986/500/188 976/495/188
f 458/465/188 994/504/188 986/500/188
f 458/465/188 1004/509/188 994/504/188
f 458/465/188 1048/531/188 1004/509/188
f 458/465/188 1080/547/188 1048/531/188
f 458/465/188 1100/557/188 1080/547/188
f 458/465/188 1126/570/188 1100/557/188
f 458/465/188 1146/580/188 1126/570/188
f 458/465/188 1170/592/188 1146/580/188
f 458/465/188 1186/600/188 1170/592/188
f 458/465/188 1206/610/188 1186/600/188
f 458/465/188 1226/620/188 1206/610/188
f 458/465/188 1248/631/188 1226/620/188
f 458/465/188 1272/643/188 1248/631/188
f 458/465/188 1284/649/188 1272/643/188
f 458/465/188 1300/657/188 1284/649/188
f 458/465/188 1312/663/188 1300/657/188
f 458/465/188 1326/670/188 1312/663/188
f 458/465/188 1350/682/188 1326/670/188
f 458/465/188 1360/687/188 1350/682/188
f 458/465/188 1382/698/188 1360/687/188
f 458/465/188 1402/708/188 1382/698/188
f 458/465/188 1406/710/188 1402/708/188
f 1406/710/188 1414/714/188 1410/712/188
f 1406/710/188 1418/716/188 1414/714/188
f 1406/710/188 1420/717/188 1418/716/188
f 1406/710/188 1424/719/188 1420/717/188
f 1406/710/188 1428/721/188 1424/719/188
f 1406/710/188 1430/722/188 1428/721/188
f 1406/710/188 1436/725/188 1430/722/188
f 1406/710/188 1440/727/188 1436/725/188
f 1406/710/188 1444/729/188 1440/727/188
f 1406/710/188 1448/731/188 1444/729/188
f 1406/710/188 1452/733/188 1448/731/188
f 1406/710/188 1456/735/188 1452/733/188
f 1406/710/188 1468/741/188 1456/735/188
f 1406/710/188 1400/707/188 1468/741/188
f 1406/710/188 1390/702/188 1400/707/188
f 1406/710/188 1388/701/188 1390/702/188
f 1406/710/188 1384/699/188 1388/701/188
f 1406/710/188 1380/697/188 1384/699/188
f 1406/710/188 1376/695/188 1380/697/188
f 1406/710/188 1372/693/188 1376/695/188
f 1406/710/188 1366/690/188 1372/693/188
f 1406/710/188 1362/688/188 1366/690/188
f 1406/710/188 1356/685/188 1362/688/188
f 1406/710/188 1348/681/188 1356/685/188
f 1406/710/188 1324/669/188 1348/681/188
f 1406/710/188 1314/664/188 1324/669/188
f 1406/710/188 1298/656/188 1314/664/188
f 1406/710/188 1288/651/188 1298/656/188
f 1406/710/188 1278/646/188 1288/651/188
f 1406/710/188 1266/640/188 1278/646/188
f 1406/710/188 1242/628/188 1266/640/188
f 1406/710/188 1220/617/188 1242/628/188
f 1406/710/188 1204/609/188 1220/617/188
f 1406/710/188 1188/601/188 1204/609/188
f 1062/538/188 1040/527/188 1046/530/188
f 1062/538/188 1036/525/188 1040/527/188
f 1062/538/188 1024/519/188 1036/525/188
f 1062/538/188 1018/516/188 1024/519/188
f 1006/510/188 1022/518/188 1016/515/188
f 1006/510/188 1032/523/188 1022/518/188
f 1006/510/188 1034/524/188 1032/523/188
f 1006/510/188 1060/537/188 1034/524/188
f 1006/510/188 1072/543/188 1060/537/188
f 1006/510/188 1084/549/188 1072/543/188
f 1006/510/188 1090/552/188 1084/549/188
f 1006/510/188 1094/554/188 1090/552/188
f 1006/510/188 1102/558/188 1094/554/188
f 1006/510/188 1106/560/188 1102/558/188
f 1006/510/188 1108/561/188 1106/560/188
f 1108/561/188 1144/579/188 1130/572/188
f 1108/561/188 1162/588/188 1144/579/188
f 1108/561/188 1180/597/188 1162/588/188
f 1108/561/188 1198/606/188 1180/597/188
f 1108/561/188 1218/616/188 1198/606/188
f 1108/561/188 1240/627/188 1218/616/188
f 1108/561/188 1268/641/188 1240/627/188
f 1108/561/188 1280/647/188 1268/641/188
f 1108/561/188 1290/652/188 1280/647/188
f 1108/561/188 1302/658/188 1290/652/188
f 1108/561/188 1316/665/188 1302/658/188
f 1108/561/188 1322/668/188 1316/665/188
f 1108/561/188 1332/673/188 1322/668/188
f 1108/561/188 1340/677/188 1332/673/188
f 1108/561/188 1344/679/188 1340/677/188
f 1108/561/188 1346/680/188 1344/679/188
f 1346/680/188 1262/638/188 1264/639/188
f 1346/680/188 1258/636/188 1262/638/188
f 1346/680/188 1250/632/188 1258/636/188
f 1346/680/188 1244/629/188 1250/632/188
f 1346/680/188 1234/624/188 1244/629/188
f 1346/680/188 1224/619/188 1234/624/188
f 1346/680/188 1214/614/188 1224/619/188
f 1058/536/188 1052/533/188 1054/534/188
f 1052/533/188 606/391/188 1042/528/188
f 536/426/188 1136/575/188 528/430/188
f 536/426/188 1148/581/188 1136/575/188
f 1252/633/188 1230/622/188 1260/637/188
f 588/400/188 470/459/188 574/407/188
f 470/459/188 988/501/188 454/467/188
f 878/255/188 870/259/188 876/256/188
f 870/259/188 764/312/188 856/266/188
f 764/312/188 1166/590/188 750/319/188
f 764/312/188 1178/596/188 1166/590/188
f 1386/700/188 1404/709/188 1398/706/188
f 758/315/188 840/274/188 766/311/188
f 460/464/188 1406/710/188 458/465/188
f 460/464/188 1188/601/188 1406/710/188
f 460/464/188 1172/593/188 1188/601/188
f 460/464/188 1156/585/188 1172/593/188
f 460/464/188 1138/576/188 1156/585/188
f 460/464/188 1112/563/188 1138/576/188
f 460/464/188 1092/553/188 1112/563/188
f 460/464/188 1074/544/188 1092/553/188
f 460/464/188 1066/540/188 1074/544/188
f 460/464/188 1062/538/188 1066/540/188
f 460/464/188 1018/516/188 1062/538/188
f 460/464/188 1014/514/188 1018/516/188
f 460/464/188 1012/513/188 1014/514/188
f 460/464/188 1006/510/188 1012/513/188
f 1108/561/188 1214/614/188 1346/680/188
f 1108/561/188 1202/608/188 1214/614/188
f 1108/561/188 1192/603/188 1202/608/188
f 1108/561/188 1174/594/188 1192/603/188
f 1108/561/188 1164/589/188 1174/594/188
f 1108/561/188 1152/583/188 1164/589/188
f 1108/561/188 1140/577/188 1152/583/188
f 1108/561/188 1128/571/188 1140/577/188
f 1108/561/188 1110/562/188 1128/571/188
f 1108/561/188 1098/556/188 1110/562/188
f 1108/561/188 1088/551/188 1098/556/188
f 1108/561/188 1082/548/188 1088/551/188
f 1108/561/188 1070/542/188 1082/548/188
f 1108/561/188 1058/536/188 1070/542/188
f 1108/561/188 1052/533/188 1058/536/188
f 546/421/188 1148/581/188 536/426/188
f 1246/630/188 1230/622/188 1252/633/188
f 870/259/188 1178/596/188 764/312/188
f 870/259/188 1190/602/188 1178/596/188
f 870/259/188 1200/607/188 1190/602/188
f 1378/696/188 1404/709/188 1386/700/188
f 754/317/188 840/274/188 758/315/188
f 480/454/188 1006/510/188 460/464/188
f 480/454/188 1108/561/188 1006/510/188
f 480/454/188 1052/533/188 1108/561/188
f 556/416/188 1148/581/188 546/421/188
f 1236/625/188 1230/622/188 1246/630/188
f 1374/694/188 1404/709/188 1378/696/188
f 676/356/188 840/274/188 754/317/188
f 568/410/188 1148/581/188 556/416/188
f 568/410/188 1158/586/188 1148/581/188
f 1222/618/188 1230/622/188 1236/625/188
f 1370/692/188 1404/709/188 1374/694/188
f 580/404/188 1158/586/188 568/410/188
f 1210/612/188 1230/622/188 1222/618/188
f 1364/689/188 1404/709/188 1370/692/188
f 590/399/188 1158/586/188 580/404/188
f 1194/604/188 1230/622/188 1210/612/188
f 1358/686/188 1404/709/188 1364/689/188
f 602/393/188 1158/586/188 590/399/188
f 1176/595/188 1230/622/188 1194/604/188
f 1176/595/188 482/453/188 1230/622/188
f 1352/683/188 1404/709/188 1358/686/188
f 610/389/188 1158/586/188 602/393/188
f 1158/586/188 482/453/188 1176/595/188
f 1336/675/188 1404/709/188 1352/683/188
f 610/389/188 482/453/188 1158/586/188
f 1320/667/188 1404/709/188 1336/675/188
f 618/385/188 482/453/188 610/389/188
f 618/385/188 790/299/188 482/453/188
f 1306/660/188 1404/709/188 1320/667/188
f 628/380/188 790/299/188 618/385/188
f 1294/654/188 1404/709/188 1306/660/188
f 634/377/188 790/299/188 628/380/188
f 1282/648/188 1404/709/188 1294/654/188
f 642/373/188 790/299/188 634/377/188
f 1270/642/188 1404/709/188 1282/648/188
f 654/367/188 790/299/188 642/373/188
f 1238/626/188 1404/709/188 1270/642/188
f 664/362/188 790/299/188 654/367/188
f 1228/621/188 1404/709/188 1238/626/188
f 670/359/188 790/299/188 664/362/188
f 1212/613/188 1404/709/188 1228/621/188
f 1212/613/188 676/356/188 1404/709/188
f 682/353/188 790/299/188 670/359/188
f 1200/607/188 676/356/188 1212/613/188
f 688/350/188 790/299/188 682/353/188
f 870/259/188 676/356/188 1200/607/188
f 870/259/188 840/274/188 676/356/188
f 870/259/188 864/262/188 840/274/188
f 870/259/188 880/254/188 864/262/188
f 694/347/188 790/299/188 688/350/188
f 878/255/188 880/254/188 870/259/188
f 698/345/188 790/299/188 694/347/188
f 872/258/188 880/254/188 878/255/188
f 872/258/188 858/265/188 880/254/188
f 700/344/188 790/299/188 698/345/188
f 866/261/188 858/265/188 872/258/188
f 696/346/188 790/299/188 700/344/188
f 862/263/188 858/265/188 866/261/188
f 690/349/188 790/299/188 696/346/188
f 860/264/188 858/265/188 862/263/188
f 684/352/188 790/299/188 690/349/188
f 854/267/188 858/265/188 860/264/188
f 672/358/188 790/299/188 684/352/188
f 672/358/188 588/400/188 790/299/188
f 848/270/188 858/265/188 854/267/188
f 668/360/188 588/400/188 672/358/188
f 844/272/188 858/265/188 848/270/188
f 658/365/188 588/400/188 668/360/188
f 832/278/188 858/265/188 844/272/188
f 652/368/188 588/400/188 658/365/188
f 824/282/188 858/265/188 832/278/188
f 644/372/188 588/400/188 652/368/188
f 818/285/188 858/265/188 824/282/188
f 632/378/188 588/400/188 644/372/188
f 796/296/188 858/265/188 818/285/188
f 620/384/188 588/400/188 632/378/188
f 620/384/188 470/459/188 588/400/188
f 780/304/188 858/265/188 796/296/188
f 606/391/188 470/459/188 620/384/188
f 768/310/188 858/265/188 780/304/188
f 1052/533/188 470/459/188 606/391/188
f 1052/533/188 988/501/188 470/459/188
f 752/318/188 858/265/188 768/310/188
f 480/454/188 988/501/188 1052/533/188
f 480/454/188 978/496/188 988/501/188
f 480/454/188 954/484/188 978/496/188
f 480/454/188 430/479/188 954/484/188
f 480/454/188 440/474/188 430/479/188
f 480/454/188 452/468/188 440/474/188
f 480/454/188 478/455/188 452/468/188
f 480/454/188 486/451/188 478/455/188
f 480/454/188 492/448/188 486/451/188
f 480/454/188 504/442/188 492/448/188
f 480/454/188 510/439/188 504/442/188
f 480/454/188 518/435/188 510/439/188
f 480/454/188 524/432/188 518/435/188
f 480/454/188 540/424/188 524/432/188
f 480/454/188 552/418/188 540/424/188
f 480/454/188 564/412/188 552/418/188
f 480/454/188 576/406/188 564/412/188
f 480/454/188 586/401/188 576/406/188
f 480/454/188 600/394/188 586/401/188
f 480/454/188 614/387/188 600/394/188
f 480/454/188 624/382/188 614/387/188
f 480/454/188 638/375/188 624/382/188
f 736/326/188 858/265/188 752/318/188
f 858/265/188 638/375/188 480/454/188
f 858/265/188 648/370/188 638/375/188
f 858/265/188 666/361/188 648/370/188
f 858/265/188 686/351/188 666/361/188
f 858/265/188 714/337/188 686/351/188
f 858/265/188 736/326/188 714/337/188
f 468/460/448 460/464/450 459/464/567
f 468/460/448 459/464/567 467/460/564
f 460/464/450 458/465/453 457/465/570
f 460/464/450 457/465/570 459/464/567
f 458/465/453 456/466/446 455/466/562
f 458/465/453 455/466/562 457/465/570
f 456/466/446 446/471/422 445/471/542
f 456/466/446 445/471/542 455/466/562
f 446/471/422 442/473/400 441/473/520
f 446/471/422 441/473/520 445/471/542
f 442/473/400 432/478/382 431/478/503
f 442/473/400 431/478/503 441/473/520
f 432/478/382 424/482/358 423/482/473
f 432/478/382 423/482/473 431/478/503
f 424/482/358 958/486/340 957/486/435
f 424/482/358 957/486/435 423/482/473
f 958/486/340 964/489/344 963/489/441
f 958/486/340 963/489/441 957/486/435
f 964/489/344 968/491/356 967/491/469
f 964/489/344 967/491/469 963/489/441
f 968/491/356 976/495/364 975/495/485
f 968/491/356 975/495/485 967/491/469
f 976/495/364 986/500/365 985/500/486
f 976/495/364 985/500/486 975/495/485
f 986/500/365 994/504/360 993/504/478
f 986/500/365 993/504/478 985/500/486
f 994/504/360 1004/509/342 1003/509/439
f 994/504/360 1003/509/439 993/504/478
f 1004/509/342 1048/531/323 1047/531/389
f 1004/509/342 1047/531/389 1003/509/439
f 1048/531/323 1080/547/298 1079/547/350
f 1048/531/323 1079/547/350 1047/531/389
f 1080/547/298 1100/557/274 1099/557/311
f 1080/547/298 1099/557/311 1079/547/350
f 1100/557/274 1126/570/254 1125/570/278
f 1100/557/274 1125/570/278 1099/557/311
f 1126/570/254 1146/580/235 1145/580/249
f 1126/570/254 1145/580/249 1125/570/278
f 1146/580/235 1170/592/214 1169/592/220
f 1146/580/235 1169/592/220 1145/580/249
f 1170/592/214 1186/600/729 1185/600/731
f 1170/592/214 1185/600/731 1169/592/220
f 1186/600/729 1206/610/750 1205/610/760
f 1186/600/729 1205/610/760 1185/600/731
f 1206/610/750 1226/620/771 1225/620/787
f 1206/610/750 1225/620/787 1205/610/760
f 1226/620/771 1248/631/789 1247/631/813
f 1226/620/771 1247/631/813 1225/620/787
f 1248/631/789 1272/643/803 1271/643/844
f 1248/631/789 1271/643/844 1247/631/813
f 1272/643/803 1284/649/827 1283/649/883
f 1272/643/803 1283/649/883 1271/643/844
f 1284/649/827 1300/657/846 1299/657/918
f 1284/649/827 1299/657/918 1283/649/883
f 1300/657/846 1312/663/874 1311/663/972
f 1300/657/846 1311/663/972 1299/657/918
f 1312/663/874 1326/670/900 1325/670/1028
f 1312/663/874 1325/670/1028 1311/663/972
f 1326/670/900 1350/682/928 1349/682/1051
f 1326/670/900 1349/682/1051 1325/670/1028
f 1350/682/928 1360/687/951 1359/687/1076
f 1350/682/928 1359/687/1076 1349/682/1051
f 1360/687/951 1382/698/999 1381/698/1118
f 1360/687/951 1381/698/1118 1359/687/1076
f 1382/698/999 1402/708/1033 1401/708/1161
f 1382/698/999 1401/708/1161 1381/698/1118
f 1402/708/1033 1406/710/1042 1405/710/1190
f 1402/708/1033 1405/710/1190 1401/708/1161
f 1406/710/1042 1410/712/1058 1409/712/1193
f 1406/710/1042 1409/712/1193 1405/710/1190
f 1410/712/1058 1414/714/1071 1413/714/1199
f 1410/712/1058 1413/714/1199 1409/712/1193
f 1414/714/1071 1418/716/1093 1417/716/1202
f 1414/714/1071 1417/716/1202 1413/714/1199
f 1418/716/1093 1420/717/1111 1419/717/1206
f 1418/716/1093 1419/717/1206 1417/716/1202
f 1420/717/1111 1424/719/1121 1423/719/1211
f 1420/717/1111 1423/719/1211 1419/717/1206
f 1424/719/1121 1428/721/1137 1427/721/1216
f 1424/719/1121 1427/721/1216 1423/719/1211
f 1428/721/1137 1430/722/1147 1429/722/1220
f 1428/721/1137 1429/722/1220 1427/721/1216
f 1430/722/1147 1436/725/1154 1435/725/1226
f 1430/722/1147 1435/725/1226 1429/722/1220
f 1436/725/1154 1440/727/1158 1439/727/1229
f 1436/725/1154 1439/727/1229 1435/725/1226
f 1440/727/1158 1444/729/1164 1443/729/1234
f 1440/727/1158 1443/729/1234 1439/727/1229
f 1444/729/1164 1448/731/1167 1447/731/1237
f 1444/729/1164 1447/731/1237 1443/729/1234
f 1448/731/1167 1452/733/1170 1451/733/1240
f 1448/731/1167 1451/733/1240 1447/731/1237
f 1452/733/1170 1456/735/1175 1455/735/1245
f 1452/733/1170 1455/735/1245 1451/733/1240
f 1456/735/1175 1468/741/1183 1467/741/1253
f 1456/735/1175 1467/741/1253 1455/735/1245
f 1468/741/1183 1464/739/1180 1463/739/1250
f 1468/741/1183 1463/739/1250 1467/741/1253
f 1464/739/1180 1460/737/1186 1459/737/1256
f 1464/739/1180 1459/737/1256 1463/739/1250
f 1460/737/1186 1462/738/1181 1461/738/1251
f 1460/737/1186 1461/738/1251 1459/737/1256
f 1462/738/1181 1466/740/1185 1465/740/1255
f 1462/738/1181 1465/740/1255 1461/738/1251
f 1466/740/1185 1458/736/1176 1457/736/1246
f 1466/740/1185 1457/736/1246 1465/740/1255
f 1458/736/1176 1454/734/1172 1453/734/1242
f 1458/736/1176 1453/734/1242 1457/736/1246
f 1454/734/1172 1450/732/1168 1449/732/1238
f 1454/734/1172 1449/732/1238 1453/734/1242
f 1450/732/1168 1446/730/1166 1445/730/1236
f 1450/732/1168 1445/730/1236 1449/732/1238
f 1446/730/1166 1442/728/1162 1441/728/1232
f 1446/730/1166 1441/728/1232 1445/730/1236
f 1442/728/1162 1438/726/1156 1437/726/1227
f 1442/728/1162 1437/726/1227 1441/728/1232
f 1438/726/1156 1434/724/1152 1433/724/1224
f 1438/726/1156 1433/724/1224 1437/726/1227
f 1434/724/1152 1432/723/1146 1431/723/1219
f 1434/724/1152 1431/723/1219 1433/724/1224
f 1432/723/1146 1426/720/1132 1425/720/1214
f 1432/723/1146 1425/720/1214 1431/723/1219
f 1426/720/1132 1422/718/1116 1421/718/1209
f 1426/720/1132 1421/718/1209 1425/720/1214
f 1422/718/1116 1416/715/1094 1415/715/1203
f 1422/718/1116 1415/715/1203 1421/718/1209
f 1416/715/1094 1412/713/1070 1411/713/1198
f 1416/715/1094 1411/713/1198 1415/715/1203
f 1412/713/1070 1408/711/1052 1407/711/1191
f 1412/713/1070 1407/711/1191 1411/713/1198
f 1408/711/1052 1404/709/1036 1403/709/1188
f 1408/711/1052 1403/709/1188 1407/711/1191
f 1404/709/1036 1368/691/1001 1367/691/1119
f 1404/709/1036 1367/691/1119 1403/709/1188
f 1368/691/1001 1354/684/949 1353/684/1074
f 1368/691/1001 1353/684/1074 1367/691/1119
f 1354/684/949 1330/672/914 1329/672/1041
f 1354/684/949 1329/672/1041 1353/684/1074
f 1330/672/914 1308/661/884 1307/661/995
f 1330/672/914 1307/661/995 1329/672/1041
f 1308/661/884 1292/653/847 1291/653/919
f 1308/661/884 1291/653/919 1307/661/995
f 1292/653/847 1274/644/824 1273/644/875
f 1292/653/847 1273/644/875 1291/653/919
f 1274/644/824 1256/635/798 1255/635/834
f 1274/644/824 1255/635/834 1273/644/875
f 1256/635/798 1232/623/786 1231/623/808
f 1256/635/798 1231/623/808 1255/635/834
f 1232/623/786 1216/615/772 1215/615/788
f 1232/623/786 1215/615/788 1231/623/808
f 1216/615/772 1196/605/751 1195/605/764
f 1216/615/772 1195/605/764 1215/615/788
f 1196/605/751 1182/598/745 1181/598/749
f 1196/605/751 1181/598/749 1195/605/764
f 1182/598/745 1168/591/736 1167/591/741
f 1182/598/745 1167/591/741 1181/598/749
f 1168/591/736 1154/584/725 1153/584/728
f 1168/591/736 1153/584/728 1167/591/741
f 1154/584/725 1132/573/717 1131/573/718
f 1154/584/725 1131/573/718 1153/584/728
f 1132/573/717 1122/568/195 1121/568/196
f 1132/573/717 1121/568/196 1131/573/718
f 1122/568/195 1116/564/193 1115/564/194
f 1122/568/195 1115/564/194 1121/568/196
f 1116/564/193 676/356/189 675/356/190
f 1116/564/193 675/356/190 1115/564/194
f 676/356/984 692/348/982 691/348/1103
f 676/356/984 691/348/1103 675/356/1104
f 692/348/982 706/341/981 705/341/1102
f 692/348/982 705/341/1102 691/348/1103
f 706/341/981 718/335/978 717/335/1099
f 706/341/981 717/335/1099 705/341/1102
f 718/335/978 728/330/976 727/330/1097
f 718/335/978 727/330/1097 717/335/1099
f 728/330/976 746/321/977 745/321/1098
f 728/330/976 745/321/1098 727/330/1097
f 746/321/977 754/317/980 753/317/1101
f 746/321/977 753/317/1101 745/321/1098
f 754/317/980 758/315/987 757/315/1106
f 754/317/980 757/315/1106 753/317/1101
f 758/315/987 766/311/990 765/311/1108
f 758/315/987 765/311/1108 757/315/1106
f 766/311/990 772/308/993 771/308/1109
f 766/311/990 771/308/1109 765/311/1108
f 772/308/993 786/301/986 785/301/1105
f 772/308/993 785/301/1105 771/308/1109
f 786/301/986 794/297/973 793/297/1092
f 786/301/986 793/297/1092 785/301/1105
f 794/297/973 812/288/945 811/288/1069
f 794/297/973 811/288/1069 793/297/1092
f 812/288/945 820/284/920 819/284/1045
f 812/288/945 819/284/1045 811/288/1069
f 820/284/920 826/281/894 825/281/1015
f 820/284/920 825/281/1015 819/284/1045
f 826/281/894 834/277/864 833/277/948
f 826/281/894 833/277/948 825/281/1015
f 834/277/864 836/276/848 835/276/921
f 834/277/864 835/276/921 833/277/948
f 836/276/848 840/274/922 839/274/1046
f 836/276/848 839/274/1046 835/276/921
f 840/274/922 842/273/1024 841/273/1145
f 840/274/922 841/273/1145 839/274/1046
f 842/273/1024 846/271/1019 845/271/1139
f 842/273/1024 845/271/1139 841/273/1145
f 846/271/1019 852/268/1017 851/268/1138
f 846/271/1019 851/268/1138 845/271/1139
f 852/268/1017 864/262/1020 863/262/1140
f 852/268/1017 863/262/1140 851/268/1138
f 864/262/1020 880/254/1022 879/254/1142
f 864/262/1020 879/254/1142 863/262/1140
f 880/254/1022 882/253/1021 881/253/1141
f 880/254/1022 881/253/1141 879/254/1142
f 882/253/1021 886/251/1003 885/251/1122
f 882/253/1021 885/251/1122 881/253/1141
f 886/251/1003 888/250/968 887/250/1090
f 886/251/1003 887/250/1090 885/251/1122
f 888/250/968 890/249/916 889/249/1043
f 888/250/968 889/249/1043 887/250/1090
f 890/249/916 892/248/880 891/248/989
f 890/249/916 891/248/989 889/249/1043
f 892/248/880 896/246/842 895/246/909
f 892/248/880 895/246/909 891/248/989
f 896/246/842 898/245/809 897/245/852
f 896/246/842 897/245/852 895/246/909
f 898/245/809 900/244/781 899/244/804
f 898/245/809 899/244/804 897/245/852
f 900/244/781 904/242/752 903/242/765
f 900/244/781 903/242/765 899/244/804
f 904/242/752 906/241/202 905/241/208
f 904/242/752 905/241/208 903/242/765
f 906/241/202 910/239/260 909/239/286
f 906/241/202 909/239/286 905/241/208
f 910/239/260 914/237/325 913/237/391
f 910/239/260 913/237/391 909/239/286
f 914/237/325 918/235/396 917/235/516
f 914/237/325 917/235/516 913/237/391
f 918/235/396 922/233/500 921/233/643
f 918/235/396 921/233/643 917/235/516
f 922/233/500 926/231/533 925/231/660
f 922/233/500 925/231/660 921/233/643
f 926/231/533 930/229/595 929/229/673
f 926/231/533 929/229/673 925/231/660
f 930/229/595 936/226/614 935/226/684
f 930/229/595 935/226/684 929/229/673
f 936/226/614 946/221/630 945/221/699
f 936/226/614 945/221/699 935/226/684
f 946/221/630 944/222/646 943/222/714
f 946/221/630 943/222/714 945/221/699
f 944/222/646 948/220/640 947/220/709
f 944/222/646 947/220/709 943/222/714
f 948/220/640 950/219/641 949/219/710
f 948/220/640 949/219/710 947/220/709
f 950/219/641 952/218/642 951/218/711
f 950/219/641 951/218/711 949/219/710
f 952/218/642 942/223/636 941/223/705
f 952/218/642 941/223/705 951/218/711
f 942/223/636 940/224/633 939/224/702
f 942/223/636 939/224/702 941/223/705
f 940/224/633 938/225/629 937/225/698
f 940/224/633 937/225/698 939/224/702
f 938/225/629 934/227/625 933/227/694
f 938/225/629 933/227/694 937/225/698
f 934/227/625 932/228/620 931/228/690
f 934/227/625 931/228/690 933/227/694
f 932/228/620 928/230/618 927/230/688
f 932/228/620 927/230/688 931/228/690
f 928/230/618 924/232/611 923/232/681
f 928/230/618 923/232/681 927/230/688
f 924/232/611 920/234/603 919/234/677
f 924/232/611 919/234/677 923/232/681
f 920/234/603 916/236/593 915/236/671
f 920/234/603 915/236/671 919/234/677
f 916/236/593 912/238/566 911/238/667
f 916/236/593 911/238/667 915/236/671
f 912/238/566 908/240/539 907/240/662
f 912/238/566 907/240/662 911/238/667
f 908/240/539 902/243/524 901/243/658
f 908/240/539 901/243/658 907/240/662
f 902/243/524 894/247/510 893/247/653
f 902/243/524 893/247/653 901/243/658
f 894/247/510 884/252/499 883/252/624
f 894/247/510 883/252/624 893/247/653
f 884/252/499 858/265/475 857/265/590
f 884/252/499 857/265/590 883/252/624
f 858/265/475 828/280/414 827/280/532
f 858/265/475 827/280/532 857/265/590
f 828/280/414 814/287/387 813/287/509
f 828/280/414 813/287/509 827/280/532
f 814/287/387 784/302/361 783/302/479
f 814/287/387 783/302/479 813/287/509
f 784/302/361 760/314/329 759/314/399
f 784/302/361 759/314/399 783/302/479
f 760/314/329 742/323/302 741/323/359
f 760/314/329 741/323/359 759/314/399
f 742/323/302 712/338/275 711/338/314
f 742/323/302 711/338/314 741/323/359
f 712/338/275 680/354/253 679/354/276
f 712/338/275 679/354/276 711/338/314
f 680/354/253 656/366/232 655/366/246
f 680/354/253 655/366/246 679/354/276
f 656/366/232 640/374/211 639/374/218
f 656/366/232 639/374/218 655/366/246
f 640/374/211 626/381/735 625/381/740
f 640/374/211 625/381/740 639/374/218
f 626/381/735 612/388/753 611/388/766
f 626/381/735 611/388/766 625/381/740
f 612/388/753 598/395/776 597/395/797
f 612/388/753 597/395/797 611/388/766
f 598/395/776 582/403/795 581/403/825
f 598/395/776 581/403/825 597/395/797
f 582/403/795 566/411/816 565/411/860
f 582/403/795 565/411/860 581/403/825
f 566/411/816 554/417/833 553/417/899
f 566/411/816 553/417/899 565/411/860
f 554/417/833 538/425/856 537/425/937
f 554/417/833 537/425/937 553/417/899
f 538/425/856 522/433/878 521/433/985
f 538/425/856 521/433/985 537/425/937
f 522/433/878 512/438/897 511/438/1025
f 522/433/878 511/438/1025 521/433/985
f 512/438/897 498/445/910 497/445/1037
f 512/438/897 497/445/1037 511/438/1025
f 498/445/910 494/447/917 493/447/1044
f 498/445/910 493/447/1044 497/445/1037
f 494/447/917 488/450/927 487/450/1050
f 494/447/917 487/450/1050 493/447/1044
f 488/450/927 480/454/932 479/454/1054
f 488/450/927 479/454/1054 487/450/1050
f 480/454/454 476/456/451 475/456/568
f 480/454/454 475/456/568 479/454/571
f 476/456/451 472/458/447 471/458/563
f 476/456/451 471/458/563 475/456/568
f 472/458/447 468/460/448 467/460/564
f 472/458/447 467/460/564 471/458/563
f 1130/572/280 1144/579/251 1143/579/271
f 1130/572/280 1143/579/271 1129/572/319
f 1144/579/251 1162/588/225 1161/588/236
f 1144/579/251 1161/588/236 1143/579/271
f 1162/588/225 1180/597/724 1179/597/727
f 1162/588/225 1179/597/727 1161/588/236
f 1180/597/724 1198/606/755 1197/606/769
f 1180/597/724 1197/606/769 1179/597/727
f 1198/606/755 1218/616/782 1217/616/805
f 1198/606/755 1217/616/805 1197/606/769
f 1218/616/782 1240/627/812 1239/627/857
f 1218/616/782 1239/627/857 1217/616/805
f 1240/627/812 1268/641/849 1267/641/924
f 1240/627/812 1267/641/924 1239/627/857
f 1268/641/849 1280/647/896 1279/647/1023
f 1268/641/849 1279/647/1023 1267/641/924
f 1280/647/896 1290/652/944 1289/652/1068
f 1280/647/896 1289/652/1068 1279/647/1023
f 1290/652/944 1302/658/1027 1301/658/1149
f 1290/652/944 1301/658/1149 1289/652/1068
f 1302/658/1027 1316/665/1062 1315/665/1196
f 1302/658/1027 1315/665/1196 1301/658/1149
f 1316/665/1062 1322/668/1096 1321/668/1204
f 1316/665/1062 1321/668/1204 1315/665/1196
f 1322/668/1096 1332/673/1130 1331/673/1213
f 1322/668/1096 1331/673/1213 1321/668/1204
f 1332/673/1130 1340/677/1151 1339/677/1223
f 1332/673/1130 1339/677/1223 1331/673/1213
f 1340/677/1151 1344/679/1163 1343/679/1233
f 1340/677/1151 1343/679/1233 1339/677/1223
f 1344/679/1163 1346/680/1174 1345/680/1244
f 1344/679/1163 1345/680/1244 1343/679/1233
f 1346/680/1174 1342/678/1160 1341/678/1231
f 1346/680/1174 1341/678/1231 1345/680/1244
f 1342/678/1160 1338/676/1150 1337/676/1222
f 1342/678/1160 1337/676/1222 1341/678/1231
f 1338/676/1150 1334/674/1136 1333/674/1215
f 1338/676/1150 1333/674/1215 1337/676/1222
f 1334/674/1136 1328/671/1113 1327/671/1208
f 1334/674/1136 1327/671/1208 1333/674/1215
f 1328/671/1113 1318/666/1084 1317/666/1201
f 1328/671/1113 1317/666/1201 1327/671/1208
f 1318/666/1084 1310/662/1055 1309/662/1192
f 1318/666/1084 1309/662/1192 1317/666/1201
f 1310/662/1055 1304/659/1035 1303/659/1187
f 1310/662/1055 1303/659/1187 1309/662/1192
f 1304/659/1035 1296/655/994 1295/655/1110
f 1304/659/1035 1295/655/1110 1303/659/1187
f 1296/655/994 1286/650/936 1285/650/1059
f 1296/655/994 1285/650/1059 1295/655/1110
f 1286/650/936 1276/645/895 1275/645/1018
f 1286/650/936 1275/645/1018 1285/650/1059
f 1276/645/895 1254/634/851 1253/634/930
f 1276/645/895 1253/634/930 1275/645/1018
f 1254/634/851 1230/622/814 1229/622/858
f 1254/634/851 1229/622/858 1253/634/930
f 1230/622/814 1208/611/784 1207/611/806
f 1230/622/814 1207/611/806 1229/622/858
f 1208/611/784 1184/599/754 1183/599/768
f 1208/611/784 1183/599/768 1207/611/806
f 1184/599/754 1160/587/723 1159/587/726
f 1184/599/754 1159/587/726 1183/599/768
f 1160/587/723 1142/578/221 1141/578/230
f 1160/587/723 1141/578/230 1159/587/726
f 1142/578/221 1120/567/243 1119/567/263
f 1142/578/221 1119/567/263 1141/578/230
f 1120/567/243 1096/555/266 1095/555/292
f 1120/567/243 1095/555/292 1119/567/263
f 1096/555/266 1076/545/287 1075/545/327
f 1096/555/266 1075/545/327 1095/555/292
f 1076/545/287 1044/529/305 1043/529/362
f 1076/545/287 1043/529/362 1075/545/327
f 1044/529/305 1030/522/316 1029/522/383
f 1044/529/305 1029/522/383 1043/529/362
f 1030/522/316 1008/511/326 1007/511/394
f 1030/522/316 1007/511/394 1029/522/383
f 1008/511/326 992/503/336 991/503/412
f 1008/511/326 991/503/412 1007/511/394
f 992/503/336 990/502/339 989/502/428
f 992/503/336 989/502/428 991/503/412
f 990/502/339 984/499/346 983/499/442
f 990/502/339 983/499/442 989/502/428
f 984/499/346 980/497/337 979/497/415
f 984/499/346 979/497/415 983/499/442
f 980/497/337 972/493/313 971/493/380
f 980/497/337 971/493/380 979/497/415
f 972/493/313 970/492/295 969/492/345
f 972/493/313 969/492/345 971/493/380
f 970/492/295 966/490/299 965/490/351
f 970/492/295 965/490/351 969/492/345
f 966/490/299 422/483/322 421/483/388
f 966/490/299 421/483/388 965/490/351
f 422/483/322 428/480/363 427/480/484
f 422/483/322 427/480/484 421/483/388
f 428/480/363 444/472/402 443/472/521
f 428/480/363 443/472/521 427/480/484
f 444/472/402 450/469/455 449/469/572
f 444/472/402 449/469/572 443/472/521
f 450/469/455 462/463/483 461/463/600
f 450/469/455 461/463/600 449/469/572
f 462/463/483 464/462/488 463/462/606
f 462/463/483 463/462/606 461/463/600
f 464/462/488 466/461/487 465/461/605
f 464/462/488 465/461/605 463/462/606
f 466/461/487 474/457/491 473/457/607
f 466/461/487 473/457/607 465/461/605
f 474/457/491 482/453/492 481/453/610
f 474/457/491 481/453/610 473/457/607
f 482/453/933 490/449/926 489/449/1049
f 482/453/933 489/449/1049 481/453/1056
f 490/449/926 502/443/912 501/443/1038
f 490/449/926 501/443/1038 489/449/1049
f 502/443/912 508/440/901 507/440/1029
f 502/443/912 507/440/1029 501/443/1038
f 508/440/901 514/437/881 513/437/991
f 508/440/901 513/437/991 507/440/1029
f 514/437/881 532/428/854 531/428/935
f 514/437/881 531/428/935 513/437/991
f 532/428/854 548/420/831 547/420/890
f 532/428/854 547/420/890 531/428/935
f 548/420/831 562/413/802 561/413/840
f 548/420/831 561/413/840 547/420/890
f 562/413/802 578/405/779 577/405/801
f 562/413/802 577/405/801 561/413/840
f 578/405/779 596/396/756 595/396/770
f 578/405/779 595/396/770 577/405/801
f 596/396/756 608/390/733 607/390/738
f 596/396/756 607/390/738 595/396/770
f 608/390/733 622/383/215 621/383/222
f 608/390/733 621/383/222 607/390/738
f 622/383/215 636/376/238 635/376/255
f 622/383/215 635/376/255 621/383/222
f 636/376/238 650/369/264 649/369/291
f 636/376/238 649/369/291 635/376/255
f 650/369/264 660/364/288 659/364/332
f 650/369/264 659/364/332 649/369/291
f 660/364/288 674/357/315 673/357/381
f 660/364/288 673/357/381 659/364/332
f 674/357/315 702/343/347 701/343/443
f 674/357/315 701/343/443 673/357/381
f 702/343/347 720/334/378 719/334/502
f 702/343/347 719/334/502 701/343/443
f 720/334/378 732/328/409 731/328/529
f 720/334/378 731/328/529 719/334/502
f 732/328/409 748/320/480 747/320/597
f 732/328/409 747/320/597 731/328/529
f 748/320/480 762/313/506 761/313/652
f 748/320/480 761/313/652 747/320/597
f 762/313/506 774/307/527 773/307/659
f 762/313/506 773/307/659 761/313/652
f 774/307/527 782/303/560 781/303/666
f 774/307/527 781/303/666 773/307/659
f 782/303/560 790/299/596 789/299/674
f 782/303/560 789/299/674 781/303/666
f 790/299/596 798/295/608 797/295/679
f 790/299/596 797/295/679 789/299/674
f 798/295/608 802/293/613 801/293/683
f 798/295/608 801/293/683 797/295/679
f 802/293/613 806/291/623 805/291/693
f 802/293/613 805/291/693 801/293/683
f 806/291/623 810/289/632 809/289/701
f 806/291/623 809/289/701 805/291/693
f 810/289/632 808/290/626 807/290/695
f 810/289/632 807/290/695 809/289/701
f 808/290/626 804/292/617 803/292/687
f 808/290/626 803/292/687 807/290/695
f 804/292/617 800/294/604 799/294/678
f 804/292/617 799/294/678 803/292/687
f 800/294/604 788/300/587 787/300/669
f 800/294/604 787/300/669 799/294/678
f 788/300/587 778/305/538 777/305/661
f 788/300/587 777/305/661 787/300/669
f 778/305/538 770/309/512 769/309/654
f 778/305/538 769/309/654 777/305/661
f 770/309/512 756/316/482 755/316/599
f 770/309/512 755/316/599 769/309/654
f 756/316/482 740/324/403 739/324/522
f 756/316/482 739/324/522 755/316/599
f 740/324/403 724/332/369 723/332/490
f 740/324/403 723/332/490 739/324/522
f 724/332/369 704/342/330 703/342/401
f 724/332/369 703/342/401 723/332/490
f 704/342/330 678/355/297 677/355/349
f 704/342/330 677/355/349 703/342/401
f 678/355/297 662/363/269 661/363/304
f 678/355/297 661/363/304 677/355/349
f 662/363/269 646/371/245 645/371/265
f 662/363/269 645/371/265 661/363/304
f 646/371/245 630/379/219 629/379/226
f 646/371/245 629/379/226 645/371/265
f 630/379/219 616/386/737 615/386/742
f 630/379/219 615/386/742 629/379/226
f 616/386/737 604/392/761 603/392/777
f 616/386/737 603/392/777 615/386/742
f 604/392/761 588/400/792 587/400/819
f 604/392/761 587/400/819 603/392/777
f 588/400/792 574/407/800 573/407/836
f 588/400/792 573/407/836 587/400/819
f 574/407/800 572/408/817 571/408/861
f 574/407/800 571/408/861 573/407/836
f 572/408/817 558/415/839 557/415/907
f 572/408/817 557/415/907 571/408/861
f 558/415/839 544/422/868 543/422/960
f 558/415/839 543/422/960 557/415/907
f 544/422/868 530/429/898 529/429/1026
f 544/422/868 529/429/1026 543/422/960
f 530/429/898 516/436/925 515/436/1048
f 530/429/898 515/436/1048 529/429/1026
f 516/436/925 506/441/946 505/441/1072
f 516/436/925 505/441/1072 515/436/1048
f 506/441/946 500/444/975 499/444/1095
f 506/441/946 499/444/1095 505/441/1072
f 500/444/975 496/446/997 495/446/1114
f 500/444/975 495/446/1114 499/444/1095
f 496/446/997 484/452/1002 483/452/1120
f 496/446/997 483/452/1120 495/446/1114
f 484/452/1002 470/459/1006 469/459/1125
f 484/452/1002 469/459/1125 483/452/1120
f 470/459/430 454/467/432 453/467/552
f 470/459/430 453/467/552 469/459/550
f 454/467/432 448/470/433 447/470/553
f 454/467/432 447/470/553 453/467/552
f 448/470/433 438/475/431 437/475/551
f 448/470/433 437/475/551 447/470/553
f 438/475/431 426/481/427 425/481/548
f 438/475/431 425/481/548 437/475/551
f 426/481/427 956/485/426 955/485/547
f 426/481/427 955/485/547 425/481/548
f 956/485/426 960/487/425 959/487/545
f 956/485/426 959/487/545 955/485/547
f 960/487/425 962/488/424 961/488/544
f 960/487/425 961/488/544 959/487/545
f 962/488/424 974/494/421 973/494/540
f 962/488/424 973/494/540 961/488/544
f 974/494/421 982/498/420 981/498/537
f 974/494/421 981/498/537 973/494/540
f 982/498/420 988/501/416 987/501/534
f 982/498/420 987/501/534 981/498/537
f 988/501/459 978/496/449 977/496/565
f 988/501/459 977/496/565 987/501/576
f 978/496/449 954/484/444 953/484/559
f 978/496/449 953/484/559 977/496/565
f 954/484/444 430/479/438 429/479/557
f 954/484/444 429/479/557 953/484/559
f 430/479/438 434/477/436 433/477/555
f 430/479/438 433/477/555 429/479/557
f 434/477/436 436/476/437 435/476/556
f 434/477/436 435/476/556 433/477/555
f 436/476/437 440/474/434 439/474/554
f 436/476/437 439/474/554 435/476/556
f 440/474/434 452/468/429 451/468/549
f 440/474/434 451/468/549 439/474/554
f 452/468/429 478/455/423 477/455/543
f 452/468/429 477/455/543 451/468/549
f 478/455/423 486/451/419 485/451/536
f 478/455/423 485/451/536 477/455/543
f 486/451/419 492/448/413 491/448/531
f 486/451/419 491/448/531 485/451/536
f 492/448/413 504/442/408 503/442/528
f 492/448/413 503/442/528 491/448/531
f 504/442/408 510/439/398 509/439/519
f 504/442/408 509/439/519 503/442/528
f 510/439/398 518/435/392 517/435/513
f 510/439/398 517/435/513 509/439/519
f 518/435/392 524/432/386 523/432/508
f 518/435/392 523/432/508 517/435/513
f 524/432/386 540/424/372 539/424/494
f 524/432/386 539/424/494 523/432/508
f 540/424/372 552/418/354 551/418/467
f 540/424/372 551/418/467 539/424/494
f 552/418/354 564/412/333 563/412/407
f 552/418/354 563/412/407 551/418/467
f 564/412/333 576/406/310 575/406/377
f 564/412/333 575/406/377 563/412/407
f 576/406/310 586/401/290 585/401/334
f 576/406/310 585/401/334 575/406/377
f 586/401/290 600/394/267 599/394/293
f 586/401/290 599/394/293 585/401/334
f 600/394/267 614/387/241 613/387/258
f 600/394/267 613/387/258 599/394/293
f 614/387/241 624/382/217 623/382/224
f 614/387/241 623/382/224 613/387/258
f 624/382/217 638/375/734 637/375/739
f 624/382/217 637/375/739 623/382/224
f 638/375/734 648/370/759 647/370/775
f 638/375/734 647/370/775 637/375/739
f 648/370/759 666/361/785 665/361/807
f 648/370/759 665/361/807 647/370/775
f 666/361/785 686/351/811 685/351/855
f 666/361/785 685/351/855 665/361/807
f 686/351/811 714/337/843 713/337/911
f 686/351/811 713/337/911 685/351/855
f 714/337/843 736/326/879 735/326/988
f 714/337/843 735/326/988 713/337/911
f 736/326/879 752/318/913 751/318/1040
f 736/326/879 751/318/1040 735/326/988
f 752/318/913 768/310/956 767/310/1080
f 752/318/913 767/310/1080 751/318/1040
f 768/310/956 780/304/1014 779/304/1134
f 768/310/956 779/304/1134 767/310/1080
f 780/304/1014 796/296/1039 795/296/1189
f 780/304/1014 795/296/1189 779/304/1134
f 796/296/1039 818/285/1061 817/285/1195
f 796/296/1039 817/285/1195 795/296/1189
f 818/285/1061 824/282/1082 823/282/1200
f 818/285/1061 823/282/1200 817/285/1195
f 824/282/1082 832/278/1107 831/278/1205
f 824/282/1082 831/278/1205 823/282/1200
f 832/278/1107 844/272/1124 843/272/1212
f 832/278/1107 843/272/1212 831/278/1205
f 844/272/1124 848/270/1143 847/270/1217
f 844/272/1124 847/270/1217 843/272/1212
f 848/270/1143 854/267/1153 853/267/1225
f 848/270/1143 853/267/1225 847/270/1217
f 854/267/1153 860/264/1159 859/264/1230
f 854/267/1153 859/264/1230 853/267/1225
f 860/264/1159 862/263/1165 861/263/1235
f 860/264/1159 861/263/1235 859/264/1230
f 862/263/1165 866/261/1169 865/261/1239
f 862/263/1165 865/261/1239 861/263/1235
f 866/261/1169 872/258/1173 871/258/1243
f 866/261/1169 871/258/1243 865/261/1239
f 872/258/1173 878/255/1179 877/255/1249
f 872/258/1173 877/255/1249 871/258/1243
f 878/255/1179 876/256/1177 875/256/1248
f 878/255/1179 875/256/1248 877/255/1249
f 876/256/1177 874/257/1178 873/257/1247
f 876/256/1177 873/257/1247 875/256/1248
f 874/257/1178 868/260/1182 867/260/1252
f 874/257/1178 867/260/1252 873/257/1247
f 868/260/1182 870/259/1184 869/259/1254
f 868/260/1182 869/259/1254 867/260/1252
f 870/259/470 856/266/472 855/266/586
f 870/259/470 855/266/586 869/259/585
f 856/266/472 850/269/474 849/269/588
f 856/266/472 849/269/588 855/266/586
f 850/269/474 838/275/468 837/275/584
f 850/269/474 837/275/584 849/269/588
f 838/275/468 830/279/463 829/279/579
f 838/275/468 829/279/579 837/275/584
f 830/279/463 822/283/460 821/283/577
f 830/279/463 821/283/577 829/279/579
f 822/283/460 816/286/457 815/286/574
f 822/283/460 815/286/574 821/283/577
f 816/286/457 792/298/456 791/298/573
f 816/286/457 791/298/573 815/286/574
f 792/298/456 776/306/458 775/306/575
f 792/298/456 775/306/575 791/298/573
f 776/306/458 764/312/461 763/312/578
f 776/306/458 763/312/578 775/306/575
f 764/312/461 750/319/464 749/319/580
f 764/312/461 749/319/580 763/312/578
f 750/319/464 744/322/445 743/322/561
f 750/319/464 743/322/561 749/319/580
f 744/322/445 738/325/406 737/325/526
f 744/322/445 737/325/526 743/322/561
f 738/325/406 734/327/376 733/327/498
f 738/325/406 733/327/498 737/325/526
f 734/327/376 730/329/338 729/329/417
f 734/327/376 729/329/417 733/327/498
f 730/329/338 726/331/308 725/331/370
f 730/329/338 725/331/370 729/329/417
f 726/331/308 722/333/277 721/333/317
f 726/331/308 721/333/317 725/331/370
f 722/333/277 716/336/252 715/336/272
f 722/333/277 715/336/272 721/333/317
f 716/336/252 710/339/227 709/339/237
f 716/336/252 709/339/237 715/336/272
f 710/339/227 708/340/201 707/340/205
f 710/339/227 707/340/205 709/339/237
f 708/340/201 1114/565/719 1113/565/720
f 708/340/201 1113/565/720 707/340/205
f 1114/565/719 1124/569/721 1123/569/722
f 1114/565/719 1123/569/722 1113/565/720
f 1124/569/721 1134/574/191 1133/574/192
f 1124/569/721 1133/574/192 1123/569/722
f 1134/574/191 1150/582/197 1149/582/199
f 1134/574/191 1149/582/199 1133/574/192
f 1150/582/197 1166/590/203 1165/590/209
f 1150/582/197 1165/590/209 1149/582/199
f 1166/590/203 1178/596/216 1177/596/223
f 1166/590/203 1177/596/223 1165/590/209
f 1178/596/216 1190/602/228 1189/602/239
f 1178/596/216 1189/602/239 1177/596/223
f 1190/602/228 1200/607/242 1199/607/261
f 1190/602/228 1199/607/261 1189/602/239
f 1200/607/242 1212/613/259 1211/613/285
f 1200/607/242 1211/613/285 1199/607/261
f 1212/613/259 1228/621/273 1227/621/309
f 1212/613/259 1227/621/309 1211/613/285
f 1228/621/273 1238/626/296 1237/626/348
f 1228/621/273 1237/626/348 1227/621/309
f 1238/626/296 1270/642/328 1269/642/397
f 1238/626/296 1269/642/397 1237/626/348
f 1270/642/328 1282/648/371 1281/648/493
f 1270/642/328 1281/648/493 1269/642/397
f 1282/648/371 1294/654/405 1293/654/525
f 1282/648/371 1293/654/525 1281/648/493
f 1294/654/405 1306/660/477 1305/660/592
f 1294/654/405 1305/660/592 1293/654/525
f 1306/660/477 1320/667/505 1319/667/651
f 1306/660/477 1319/667/651 1305/660/592
f 1320/667/505 1336/675/518 1335/675/656
f 1320/667/505 1335/675/656 1319/667/651
f 1336/675/518 1352/683/546 1351/683/664
f 1336/675/518 1351/683/664 1335/675/656
f 1352/683/546 1358/686/583 1357/686/668
f 1352/683/546 1357/686/668 1351/683/664
f 1358/686/583 1364/689/602 1363/689/676
f 1358/686/583 1363/689/676 1357/686/668
f 1364/689/602 1370/692/612 1369/692/682
f 1364/689/602 1369/692/682 1363/689/676
f 1370/692/612 1374/694/622 1373/694/692
f 1370/692/612 1373/694/692 1369/692/682
f 1374/694/622 1378/696/628 1377/696/697
f 1374/694/622 1377/696/697 1373/694/692
f 1378/696/628 1386/700/634 1385/700/703
f 1378/696/628 1385/700/703 1377/696/697
f 1386/700/634 1398/706/639 1397/706/708
f 1386/700/634 1397/706/708 1385/700/703
f 1398/706/639 1394/704/645 1393/704/713
f 1398/706/639 1393/704/713 1397/706/708
f 1394/704/645 1392/703/647 1391/703/715
f 1394/704/645 1391/703/715 1393/704/713
f 1392/703/647 1396/705/644 1395/705/712
f 1392/703/647 1395/705/712 1391/703/715
f 1396/705/644 1400/707/648 1399/707/716
f 1396/705/644 1399/707/716 1395/705/712
f 1400/707/648 1390/702/638 1389/702/707
f 1400/707/648 1389/702/707 1399/707/716
f 1390/702/638 1388/701/635 1387/701/704
f 1390/702/638 1387/701/704 1389/702/707
f 1388/701/635 1384/699/631 1383/699/700
f 1388/701/635 1383/699/700 1387/701/704
f 1384/699/631 1380/697/627 1379/697/696
f 1384/699/631 1379/697/696 1383/699/700
f 1380/697/627 1376/695/621 1375/695/691
f 1380/697/627 1375/695/691 1379/697/696
f 1376/695/621 1372/693/616 1371/693/686
f 1376/695/621 1371/693/686 1375/695/691
f 1372/693/616 1366/690/609 1365/690/680
f 1372/693/616 1365/690/680 1371/693/686
f 1366/690/609 1362/688/594 1361/688/672
f 1366/690/609 1361/688/672 1365/690/680
f 1362/688/594 1356/685/558 1355/685/665
f 1362/688/594 1355/685/665 1361/688/672
f 1356/685/558 1348/681/523 1347/681/657
f 1356/685/558 1347/681/657 1355/685/665
f 1348/681/523 1324/669/504 1323/669/650
f 1348/681/523 1323/669/650 1347/681/657
f 1324/669/504 1314/664/465 1313/664/581
f 1324/669/504 1313/664/581 1323/669/650
f 1314/664/465 1298/656/395 1297/656/515
f 1314/664/465 1297/656/515 1313/664/581
f 1298/656/395 1288/651/368 1287/651/489
f 1298/656/395 1287/651/489 1297/656/515
f 1288/651/368 1278/646/335 1277/646/410
f 1288/651/368 1277/646/410 1287/651/489
f 1278/646/335 1266/640/306 1265/640/366
f 1278/646/335 1265/640/366 1277/646/410
f 1266/640/306 1242/628/281 1241/628/320
f 1266/640/306 1241/628/320 1265/640/366
f 1242/628/281 1220/617/257 1219/617/283
f 1242/628/281 1219/617/283 1241/628/320
f 1220/617/257 1204/609/233 1203/609/247
f 1220/617/257 1203/609/247 1219/617/283
f 1204/609/233 1188/601/207 1187/601/213
f 1204/609/233 1187/601/213 1203/609/247
f 1188/601/207 1172/593/744 1171/593/747
f 1188/601/207 1171/593/747 1187/601/213
f 1172/593/744 1156/585/763 1155/585/780
f 1172/593/744 1155/585/780 1171/593/747
f 1156/585/763 1138/576/791 1137/576/818
f 1156/585/763 1137/576/818 1155/585/780
f 1138/576/791 1112/563/815 1111/563/859
f 1138/576/791 1111/563/859 1137/576/818
f 1112/563/815 1092/553/841 1091/553/908
f 1112/563/815 1091/553/908 1111/563/859
f 1092/553/841 1074/544/869 1073/544/963
f 1092/553/841 1073/544/963 1091/553/908
f 1074/544/869 1066/540/886 1065/540/1000
f 1074/544/869 1065/540/1000 1073/544/963
f 1066/540/886 1062/538/892 1061/538/1008
f 1066/540/886 1061/538/1008 1065/540/1000
f 1062/538/892 1046/530/891 1045/530/1005
f 1062/538/892 1045/530/1005 1061/538/1008
f 1046/530/891 1040/527/885 1039/527/996
f 1046/530/891 1039/527/996 1045/530/1005
f 1040/527/885 1036/525/872 1035/525/969
f 1040/527/885 1035/525/969 1039/527/996
f 1036/525/872 1024/519/866 1023/519/953
f 1036/525/872 1023/519/953 1035/525/969
f 1024/519/866 1018/516/876 1017/516/974
f 1024/519/866 1017/516/974 1023/519/953
f 1018/516/876 1014/514/902 1013/514/1031
f 1018/516/876 1013/514/1031 1017/516/974
f 1014/514/902 1012/513/931 1011/513/1053
f 1014/514/902 1011/513/1053 1013/514/1031
f 1012/513/931 1006/510/939 1005/510/1064
f 1012/513/931 1005/510/1064 1011/513/1053
f 1006/510/961 1016/515/962 1015/515/1086
f 1006/510/961 1015/515/1086 1005/510/1085
f 1016/515/962 1022/518/964 1021/518/1087
f 1016/515/962 1021/518/1087 1015/515/1086
f 1022/518/964 1032/523/965 1031/523/1088
f 1022/518/964 1031/523/1088 1021/518/1087
f 1032/523/965 1034/524/967 1033/524/1089
f 1032/523/965 1033/524/1089 1031/523/1088
f 1034/524/967 1060/537/970 1059/537/1091
f 1034/524/967 1059/537/1091 1033/524/1089
f 1060/537/970 1072/543/979 1071/543/1100
f 1060/537/970 1071/543/1100 1059/537/1091
f 1072/543/979 1084/549/998 1083/549/1115
f 1072/543/979 1083/549/1115 1071/543/1100
f 1084/549/998 1090/552/1004 1089/552/1123
f 1084/549/998 1089/552/1123 1083/549/1115
f 1090/552/1004 1094/554/1009 1093/554/1127
f 1090/552/1004 1093/554/1127 1089/552/1123
f 1094/554/1009 1102/558/1007 1101/558/1126
f 1094/554/1009 1101/558/1126 1093/554/1127
f 1102/558/1007 1106/560/1010 1105/560/1128
f 1102/558/1007 1105/560/1128 1101/558/1126
f 1106/560/1010 1108/561/1011 1107/561/1129
f 1106/560/1010 1107/561/1129 1105/560/1128
f 1108/561/294 1130/572/280 1129/572/319
f 1108/561/294 1129/572/319 1107/561/341
f 550/419/393 560/414/374 559/414/496
f 550/419/393 559/414/496 549/419/514
f 560/414/374 570/409/343 569/409/440
f 560/414/374 569/409/440 559/414/496
f 570/409/343 584/402/318 583/402/384
f 570/409/343 583/402/384 569/409/440
f 584/402/318 592/398/300 591/398/353
f 584/402/318 591/398/353 583/402/384
f 592/398/300 594/397/284 593/397/324
f 592/398/300 593/397/324 591/398/353
f 594/397/284 606/391/250 605/391/270
f 594/397/284 605/391/270 593/397/324
f 606/391/250 620/384/206 619/384/212
f 606/391/250 619/384/212 605/391/270
f 620/384/206 632/378/758 631/378/773
f 620/384/206 631/378/773 619/384/212
f 632/378/758 644/372/796 643/372/826
f 632/378/758 643/372/826 631/378/773
f 644/372/796 652/368/832 651/368/893
f 644/372/796 651/368/893 643/372/826
f 652/368/832 658/365/877 657/365/983
f 652/368/832 657/365/983 651/368/893
f 658/365/877 668/360/934 667/360/1057
f 658/365/877 667/360/1057 657/365/983
f 668/360/934 672/358/1016 671/358/1135
f 668/360/934 671/358/1135 667/360/1057
f 672/358/1016 684/352/1060 683/352/1194
f 672/358/1016 683/352/1194 671/358/1135
f 684/352/1060 690/349/1112 689/349/1207
f 684/352/1060 689/349/1207 683/352/1194
f 690/349/1112 696/346/1148 695/346/1221
f 690/349/1112 695/346/1221 689/349/1207
f 696/346/1148 700/344/1171 699/344/1241
f 696/346/1148 699/344/1241 695/346/1221
f 700/344/1171 698/345/1157 697/345/1228
f 700/344/1171 697/345/1228 699/344/1241
f 698/345/1157 694/347/1144 693/347/1218
f 698/345/1157 693/347/1218 697/345/1228
f 694/347/1144 688/350/1117 687/350/1210
f 694/347/1144 687/350/1210 693/347/1218
f 688/350/1117 682/353/1066 681/353/1197
f 688/350/1117 681/353/1197 687/350/1210
f 682/353/1066 670/359/1030 669/359/1155
f 682/353/1066 669/359/1155 681/353/1197
f 670/359/1030 664/362/940 663/362/1065
f 670/359/1030 663/362/1065 669/359/1155
f 664/362/940 654/367/882 653/367/992
f 664/362/940 653/367/992 663/362/1065
f 654/367/882 642/373/830 641/373/889
f 654/367/882 641/373/889 653/367/992
f 642/373/830 634/377/794 633/377/823
f 642/373/830 633/377/823 641/373/889
f 634/377/794 628/380/762 627/380/778
f 634/377/794 627/380/778 633/377/823
f 628/380/762 618/385/743 617/385/746
f 628/380/762 617/385/746 627/380/778
f 618/385/743 610/389/204 609/389/210
f 618/385/743 609/389/210 617/385/746
f 610/389/204 602/393/231 601/393/244
f 610/389/204 601/393/244 609/389/210
f 602/393/231 590/399/256 589/399/279
f 602/393/231 589/399/279 601/393/244
f 590/399/256 580/404/282 579/404/321
f 590/399/256 579/404/321 589/399/279
f 580/404/282 568/410/307 567/410/367
f 580/404/282 567/410/367 579/404/321
f 568/410/307 556/416/331 555/416/404
f 568/410/307 555/416/404 567/410/367
f 556/416/331 546/421/357 545/421/471
f 556/416/331 545/421/471 555/416/404
f 546/421/357 536/426/375 535/426/497
f 546/421/357 535/426/497 545/421/471
f 536/426/375 528/430/385 527/430/507
f 536/426/375 527/430/507 535/426/497
f 528/430/385 520/434/390 519/434/511
f 528/430/385 519/434/511 527/430/507
f 520/434/481 526/431/476 525/431/591
f 520/434/481 525/431/591 519/434/598
f 526/431/476 534/427/452 533/427/569
f 526/431/476 533/427/569 525/431/591
f 534/427/452 542/423/418 541/423/535
f 534/427/452 541/423/535 533/427/569
f 542/423/418 550/419/393 549/419/514
f 542/423/418 549/419/514 541/423/535
f 1002/508/820 1010/512/821 1009/512/871
f 1002/508/820 1009/512/871 1001/508/865
f 1010/512/821 1020/517/829 1019/517/888
f 1010/512/821 1019/517/888 1009/512/871
f 1020/517/829 1028/521/845 1027/521/915
f 1020/517/829 1027/521/915 1019/517/888
f 1028/521/845 1038/526/863 1037/526/942
f 1028/521/845 1037/526/942 1027/521/915
f 1038/526/863 1050/532/870 1049/532/966
f 1038/526/863 1049/532/966 1037/526/942
f 1050/532/870 1056/535/867 1055/535/959
f 1050/532/870 1055/535/959 1049/532/966
f 1056/535/867 1064/539/862 1063/539/941
f 1056/535/867 1063/539/941 1055/535/959
f 1064/539/862 1068/541/850 1067/541/929
f 1064/539/862 1067/541/929 1063/539/941
f 1068/541/850 1078/546/838 1077/546/906
f 1068/541/850 1077/546/906 1067/541/929
f 1078/546/838 1086/550/828 1085/550/887
f 1078/546/838 1085/550/887 1077/546/906
f 1086/550/828 1104/559/810 1103/559/853
f 1086/550/828 1103/559/853 1085/550/887
f 1104/559/810 1118/566/793 1117/566/822
f 1104/559/810 1117/566/822 1103/559/853
f 1118/566/793 1136/575/774 1135/575/790
f 1118/566/793 1135/575/790 1117/566/822
f 1136/575/774 1148/581/748 1147/581/757
f 1136/575/774 1147/581/757 1135/575/790
f 1148/581/748 1158/586/198 1157/586/200
f 1148/581/748 1157/586/200 1147/581/757
f 1158/586/198 1176/595/234 1175/595/248
f 1158/586/198 1175/595/248 1157/586/200
f 1176/595/234 1194/604/268 1193/604/303
f 1176/595/234 1193/604/303 1175/595/248
f 1194/604/268 1210/612/312 1209/612/379
f 1194/604/268 1209/612/379 1193/604/303
f 1210/612/312 1222/618/373 1221/618/495
f 1210/612/312 1221/618/495 1209/612/379
f 1222/618/373 1236/625/466 1235/625/582
f 1222/618/373 1235/625/582 1221/618/495
f 1236/625/466 1246/630/517 1245/630/655
f 1236/625/466 1245/630/655 1235/625/582
f 1246/630/517 1252/633/589 1251/633/670
f 1246/630/517 1251/633/670 1245/630/655
f 1252/633/589 1260/637/615 1259/637/685
f 1252/633/589 1259/637/685 1251/633/670
f 1260/637/615 1264/639/637 1263/639/706
f 1260/637/615 1263/639/706 1259/637/685
f 1264/639/637 1262/638/619 1261/638/689
f 1264/639/637 1261/638/689 1263/639/706
f 1262/638/619 1258/636/601 1257/636/675
f 1262/638/619 1257/636/675 1261/638/689
f 1258/636/601 1250/632/541 1249/632/663
f 1258/636/601 1249/632/663 1257/636/675
f 1250/632/541 1244/629/501 1243/629/649
f 1250/632/541 1243/629/649 1249/632/663
f 1244/629/501 1234/624/411 1233/624/530
f 1244/629/501 1233/624/530 1243/629/649
f 1234/624/411 1224/619/352 1223/619/462
f 1234/624/411 1223/619/462 1233/624/530
f 1224/619/352 1214/614/301 1213/614/355
f 1224/619/352 1213/614/355 1223/619/462
f 1214/614/301 1202/608/262 1201/608/289
f 1214/614/301 1201/608/289 1213/614/355
f 1202/608/262 1192/603/229 1191/603/240
f 1202/608/262 1191/603/240 1201/608/289
f 1192/603/229 1174/594/730 1173/594/732
f 1192/603/229 1173/594/732 1191/603/240
f 1174/594/730 1164/589/767 1163/589/783
f 1174/594/730 1163/589/783 1173/594/732
f 1164/589/767 1152/583/799 1151/583/835
f 1164/589/767 1151/583/835 1163/589/783
f 1152/583/799 1140/577/837 1139/577/905
f 1152/583/799 1139/577/905 1151/583/835
f 1140/577/837 1128/571/873 1127/571/971
f 1140/577/837 1127/571/971 1139/577/905
f 1128/571/873 1110/562/903 1109/562/1032
f 1128/571/873 1109/562/1032 1127/571/971
f 1110/562/903 1098/556/923 1097/556/1047
f 1110/562/903 1097/556/1047 1109/562/1032
f 1098/556/923 1088/551/938 1087/551/1063
f 1098/556/923 1087/551/1063 1097/556/1047
f 1088/551/938 1082/548/943 1081/548/1067
f 1088/551/938 1081/548/1067 1087/551/1063
f 1082/548/943 1070/542/947 1069/542/1073
f 1082/548/943 1069/542/1073 1081/548/1067
f 1070/542/947 1058/536/950 1057/536/1075
f 1070/542/947 1057/536/1075 1069/542/1073
f 1058/536/950 1054/534/952 1053/534/1077
f 1058/536/950 1053/534/1077 1057/536/1075
f 1054/534/952 1052/533/954 1051/533/1078
f 1054/534/952 1051/533/1078 1053/534/1077
f 1052/533/954 1042/528/955 1041/528/1079
f 1052/533/954 1041/528/1079 1051/533/1078
f 1042/528/955 1026/520/957 1025/520/1081
f 1042/528/955 1025/520/1081 1041/528/1079
f 1026/520/957 996/505/958 995/505/1083
f 1026/520/957 995/505/1083 1025/520/1081
f 996/505/1013 998/506/1012 997/506/1131
f 996/505/1013 997/506/1131 995/505/1133
f 998/506/1012 1000/507/904 999/507/1034
f 998/506/1012 999/507/1034 997/506/1131
f 1000/507/904 1002/508/820 1001/508/865
f 1000/507/904 1001/508/865 999/507/1034
